Census tract,Standard Neighborhood,Cluster,City,Region,Total pop 2022,Total pop 2021,# of individuals in low-income,Updated Equity Score,Equity score (old)
5350001,South Riverdale,East York Don Valley,Toronto,Toronto,650,600,120,0.31,0.400295854
5350002,St Lawrence-East Bayfront-The Islands,Downtown West,Toronto,Toronto,510,605,90,0.51,0.782579293
5350003,South Parkdale,Downtown West,Toronto,Toronto,990,455,280,0.14,0.163291996
5350004,South Parkdale,Downtown West,Toronto,Toronto,5410,6305,1870,0.67,0.731861745
5350005,South Parkdale,Downtown West,Toronto,Toronto,6090,6955,1790,0.49,0.573707121
5350006,South Parkdale,Downtown West,Toronto,Toronto,120,120,,,
5350007.01,South Parkdale,Downtown West,Toronto,Toronto,2790,3400,750,0.54,0.647441523
5350007.02,South Parkdale,Downtown West,Toronto,Toronto,4020,4425,1170,0.6,0.695934775
5350008.01,Fort York-Liberty Village,Downtown West,Toronto,Toronto,7360,8480,740,0.13,0.281553584
5350008.02,Fort York-Liberty Village,Downtown West,Toronto,Toronto,10970,11590,2140,0.23,0.387487453
5350009,West Queen West,Downtown West,Toronto,Toronto,310,520,160,0.82,0.933651912
5350010.01,West Queen West,Downtown West,Toronto,Toronto,4670,5610,550,0.12,0.252378619
5350010.02,West Queen West,Downtown West,Toronto,Toronto,6270,7470,1090,0.23,0.335091847
5350011.01,Wellington Place,Downtown West,Toronto,Toronto,7730,9590,1160,0.13,0.238537443
5350011.02,Wellington Place,Downtown West,Toronto,Toronto,7850,9750,1480,0.16,0.317031536
5350011.03,Wellington Place,Downtown West,Toronto,Toronto,5110,6390,870,0.19,0.355375913
5350012.01,Harbourfront-CityPlace,Downtown West,Toronto,Toronto,11870,13560,2320,0.23,0.409908554
5350012.03,Harbourfront-CityPlace,Downtown West,Toronto,Toronto,8110,8960,1310,0.15,0.310209662
5350012.04,Harbourfront-CityPlace,Downtown West,Toronto,Toronto,5030,5685,800,0.21,0.337533918
5350013.01,St Lawrence-East Bayfront-The Islands,Downtown West,Toronto,Toronto,6340,6825,1240,0.19,0.325295193
5350013.02,St Lawrence-East Bayfront-The Islands,Downtown West,Toronto,Toronto,9630,10440,1560,0.17,0.314135095
5350014,Yonge-Bay Corridor,Downtown West,Toronto,Toronto,3050,2380,640,0.26,0.590930459
5350015,Downtown Yonge East,Downtown East ,Toronto,Toronto,5790,4925,1020,0.21,0.365248287
5350016,Moss Park,Downtown East ,Toronto,Toronto,10490,11140,2100,0.27,0.403629648
5350017.01,St Lawrence-East Bayfront-The Islands,Downtown West,Toronto,Toronto,4580,4790,900,0.26,0.359692383
5350017.02,St Lawrence-East Bayfront-The Islands,Downtown West,Toronto,Toronto,7930,8710,2040,0.36,0.42196038
5350018,South Riverdale,East York Don Valley,Toronto,Toronto,2970,3635,420,0.19,0.322618053
5350019,South Riverdale,East York Don Valley,Toronto,Toronto,2960,3270,800,0.44,0.500225018
5350020,The Beaches,East York Don Valley,Toronto,Toronto,2290,2300,110,0.15,0.28294394
5350021,The Beaches,East York Don Valley,Toronto,Toronto,4630,5190,670,0.31,0.459270682
5350022,The Beaches,East York Don Valley,Toronto,Toronto,3680,3850,350,0.27,0.406534098
5350023,The Beaches,East York Don Valley,Toronto,Toronto,3400,3375,290,0.25,0.392617402
5350024,The Beaches,East York Don Valley,Toronto,Toronto,6450,6890,740,0.29,0.395017368
5350025,Woodbine Corridor,East York Don Valley,Toronto,Toronto,3340,3555,550,0.35,0.410281184
5350026,Greenwood-Coxwell,East York Don Valley,Toronto,Toronto,6000,6405,1160,0.41,0.462427712
5350027,South Riverdale,East York Don Valley,Toronto,Toronto,4200,4405,740,0.38,0.386718555
5350028.01,South Riverdale,East York Don Valley,Toronto,Toronto,1200,1290,110,0.04,0.212857614
5350028.02,South Riverdale,East York Don Valley,Toronto,Toronto,5410,5865,950,0.27,0.333628396
5350029,South Riverdale,East York Don Valley,Toronto,Toronto,6340,6720,1500,0.44,0.495974232
5350030,Regent Park,Downtown East ,Toronto,Toronto,7180,6930,2140,0.44,0.546016666
5350031,Regent Park,Downtown East ,Toronto,Toronto,5730,5870,2150,0.55,0.604339947
5350032,Moss Park,Downtown East ,Toronto,Toronto,5220,6040,2550,0.63,0.754094715
5350033,Moss Park,Downtown East ,Toronto,Toronto,4890,5515,2510,0.64,0.824106986
5350034.01,Downtown Yonge East,Downtown East ,Toronto,Toronto,4750,5335,1690,0.34,0.627452477
5350034.02,Downtown Yonge East,Downtown East ,Toronto,Toronto,7270,7990,2320,0.38,0.615799586
5350035,Yonge-Bay Corridor,Downtown West,Toronto,Toronto,10510,10510,,0.59,0.679961407
5350036,Kensington-Chinatown,Downtown West,Toronto,Toronto,4940,5690,1560,0.38,0.557407558
5350037,Kensington-Chinatown,Downtown West,Toronto,Toronto,4830,4805,2110,0.54,0.810821526
5350038,Kensington-Chinatown,Downtown West,Toronto,Toronto,3440,3605,1530,0.59,0.830821204
5350039,Kensington-Chinatown,Downtown West,Toronto,Toronto,4380,4505,1790,0.6,0.666990237
5350040,Trinity-Bellwoods,Downtown West,Toronto,Toronto,3830,4270,990,0.42,0.533666352
5350041,Trinity-Bellwoods,Downtown West,Toronto,Toronto,3050,3320,620,0.4,0.443283067
5350042,Trinity-Bellwoods,Downtown West,Toronto,Toronto,3840,4420,650,0.37,0.459028201
5350043,Trinity-Bellwoods,Downtown West,Toronto,Toronto,3090,3670,490,0.34,0.48041033
5350044.01,Little Portugal,Downtown West,Toronto,Toronto,4220,5020,620,0.34,0.333336901
5350044.02,Little Portugal,Downtown West,Toronto,Toronto,3520,4255,600,0.25,0.368579101
5350045,Little Portugal,Downtown West,Toronto,Toronto,2920,3250,620,0.48,0.553632286
5350046,Little Portugal,Downtown West,Toronto,Toronto,3350,3150,680,0.43,0.474985407
5350047.02,Roncesvalles,Downtown West,Toronto,Toronto,3230,3510,1230,0.66,0.649433461
5350047.03,Roncesvalles,Downtown West,Toronto,Toronto,860,1015,100,0.11,0.240505869
5350047.04,Roncesvalles,Downtown West,Toronto,Toronto,2660,2775,340,0.28,0.382343795
5350048,Roncesvalles,Downtown West,Toronto,Toronto,2810,3355,410,0.34,0.409274995
5350049,High Park-Swansea,York Weston Pelham,Toronto,Toronto,2990,3350,410,0.27,0.420702726
5350050.01,High Park-Swansea,York Weston Pelham,Toronto,Toronto,8240,8645,870,0.19,0.272541321
5350050.03,High Park-Swansea,York Weston Pelham,Toronto,Toronto,1020,1085,120,0.1,0.203843113
5350050.04,High Park-Swansea,York Weston Pelham,Toronto,Toronto,4310,4910,640,0.33,0.457343344
5350051,High Park-Swansea,York Weston Pelham,Toronto,Toronto,4780,4980,680,0.24,0.444693695
5350052,Roncesvalles,Downtown West,Toronto,Toronto,3770,4075,500,0.2,0.33421618
5350053,Dufferin Grove,Downtown West,Toronto,Toronto,5380,5825,1010,0.46,0.538990516
5350054,Dufferin Grove,Downtown West,Toronto,Toronto,5000,5450,1010,0.48,0.595254639
5350055,Palmerston-Little Italy,Downtown West,Toronto,Toronto,2290,2695,350,0.3,0.512039054
5350056,Palmerston-Little Italy,Downtown West,Toronto,Toronto,4020,4435,700,0.35,0.448362984
5350057,Palmerston-Little Italy,Downtown West,Toronto,Toronto,2010,2285,410,0.33,0.513345352
5350058,Palmerston-Little Italy,Downtown West,Toronto,Toronto,3200,3755,680,0.29,0.529963903
5350059,University,Downtown West,Toronto,Toronto,3270,3845,1030,0.38,0.64614535
5350060,University,Downtown West,Toronto,Toronto,2120,2550,530,0.35,0.554595315
5350061,University,Downtown West,Toronto,Toronto,1370,1200,780,0.61,0.743132573
5350062.01,Bay-Cloverhill,Downtown West,Toronto,Toronto,4980,4840,1590,0.36,0.628369187
5350062.03,Bay-Cloverhill,Downtown West,Toronto,Toronto,3910,4225,1330,0.36,0.678622024
5350062.04,Bay-Cloverhill,Downtown West,Toronto,Toronto,6980,8520,2520,0.32,0.588586624
5350063.03,Church-Wellesley,Downtown East ,Toronto,Toronto,4220,4870,880,0.29,0.48891121
5350063.04,Church-Wellesley,Downtown East ,Toronto,Toronto,4120,4780,1350,0.46,0.612756218
5350063.05,Church-Wellesley,Downtown East ,Toronto,Toronto,5520,6550,1690,0.34,0.625365013
5350063.06,Church-Wellesley,Downtown East ,Toronto,Toronto,6440,6215,2130,0.39,0.618744144
5350064,North St. James Town,Downtown East ,Toronto,Toronto,4390,4960,1110,0.36,0.507092877
5350065.01,North St. James Town,Downtown East ,Toronto,Toronto,3590,2650,1130,0.41,0.604910497
5350065.02,North St. James Town,Downtown East ,Toronto,Toronto,11740,11120,4710,0.65,0.705277161
5350066,Cabbagetown-South St. James Town,Downtown East ,Toronto,Toronto,6850,7060,1940,0.43,0.553119857
5350067,Cabbagetown-South St. James Town,Downtown East ,Toronto,Toronto,1580,1695,190,0.16,0.268899101
5350068,Cabbagetown-South St. James Town,Downtown East ,Toronto,Toronto,2260,2450,440,0.28,0.465564471
5350069,North Riverdale,East York Don Valley,Toronto,Toronto,4540,4850,590,0.24,0.395882438
5350070,North Riverdale,East York Don Valley,Toronto,Toronto,2970,3305,370,0.31,0.528203971
5350071,North Riverdale,East York Don Valley,Toronto,Toronto,3360,3340,440,0.26,0.407552625
5350072.01,Blake-Jones,East York Don Valley,Toronto,Toronto,4510,4510,1340,0.44,0.537704468
5350072.02,Blake-Jones,East York Don Valley,Toronto,Toronto,2890,2985,500,0.35,0.427738494
5350073,South Riverdale,East York Don Valley,Toronto,Toronto,2430,2475,490,0.45,0.449826611
5350074,Greenwood-Coxwell,East York Don Valley,Toronto,Toronto,3670,3720,880,0.41,0.462249656
5350075,Greenwood-Coxwell,East York Don Valley,Toronto,Toronto,3900,4015,700,0.49,0.529777926
5350076,Woodbine Corridor,East York Don Valley,Toronto,Toronto,4360,4240,830,0.35,0.419364555
5350077,Woodbine Corridor,East York Don Valley,Toronto,Toronto,4420,4490,610,0.35,0.423080105
5350078,East End-Danforth,East York Don Valley,Toronto,Toronto,5910,6285,1010,0.28,0.374889039
5350079,East End-Danforth,East York Don Valley,Toronto,Toronto,7170,7425,920,0.32,0.386041639
5350080.01,East End-Danforth,East York Don Valley,Toronto,Toronto,3780,3710,630,0.32,0.410322767
5350080.02,East End-Danforth,East York Don Valley,Toronto,Toronto,4740,4645,1530,0.58,0.643646048
5350081,Danforth,East York Don Valley,Toronto,Toronto,2780,2850,320,0.35,0.391769064
5350082,Danforth,East York Don Valley,Toronto,Toronto,2570,2645,310,0.32,0.364413618
5350083,Danforth,East York Don Valley,Toronto,Toronto,3500,3865,740,0.41,0.50183995
5350084,Playter Estates-Danforth,East York Don Valley,Toronto,Toronto,3430,3550,420,0.3,0.394402332
5350085,Playter Estates-Danforth,East York Don Valley,Toronto,Toronto,3800,4160,580,0.37,0.496757065
5350086,Rosedale-Moore Park,East York Don Valley,Toronto,Toronto,2590,2530,300,0.24,0.445540164
5350087,Rosedale-Moore Park,East York Don Valley,Toronto,Toronto,4510,4815,440,0.18,0.316977327
5350088,Rosedale-Moore Park,East York Don Valley,Toronto,Toronto,3080,3125,730,0.33,0.481111685
5350089,Annex,York Weston Pelham,Toronto,Toronto,4380,5350,940,0.27,0.519964136
5350090,Annex,York Weston Pelham,Toronto,Toronto,3430,4015,630,0.2,0.367695048
5350091.01,Annex,York Weston Pelham,Toronto,Toronto,5200,5740,1120,0.28,0.479510448
5350091.02,Annex,York Weston Pelham,Toronto,Toronto,3270,3420,1020,0.34,0.559782107
5350092,Annex,York Weston Pelham,Toronto,Toronto,5990,6815,1180,0.3,0.503456794
5350093,Annex,York Weston Pelham,Toronto,Toronto,4650,5360,710,0.29,0.442510892
5350094,Dovercourt Village,York Weston Pelham,Toronto,Toronto,4540,4700,830,0.45,0.55009539
5350095,Dovercourt Village,York Weston Pelham,Toronto,Toronto,2660,2910,440,0.36,0.456965895
5350096.01,Dovercourt Village,York Weston Pelham,Toronto,Toronto,1560,1610,300,0.54,0.537459346
5350096.02,Dovercourt Village,York Weston Pelham,Toronto,Toronto,2970,3155,640,0.41,0.561023022
5350097.01,Junction-Wallace Emerson,York Weston Pelham,Toronto,Toronto,3700,3930,950,0.56,0.572620881
5350097.03,Junction-Wallace Emerson,York Weston Pelham,Toronto,Toronto,1920,2080,580,0.56,0.65048685
5350097.04,Junction-Wallace Emerson,York Weston Pelham,Toronto,Toronto,4640,5035,1000,0.54,0.479897889
5350098,Junction-Wallace Emerson,York Weston Pelham,Toronto,Toronto,6670,6975,1280,0.43,0.440069054
5350099,High Park North,York Weston Pelham,Toronto,Toronto,5930,6280,1200,0.35,0.497445915
5350100,Junction Area,York Weston Pelham,Toronto,Toronto,2630,2960,450,0.39,0.473126372
5350101,Junction Area,York Weston Pelham,Toronto,Toronto,3210,3245,620,0.31,0.445530834
5350102.02,High Park North,York Weston Pelham,Toronto,Toronto,4430,4560,1120,0.41,0.491580545
5350102.03,High Park North,York Weston Pelham,Toronto,Toronto,3260,3575,560,0.25,0.398333636
5350102.04,High Park North,York Weston Pelham,Toronto,Toronto,660,710,60,0.41,0.553472387
5350102.05,High Park North,York Weston Pelham,Toronto,Toronto,780,840,90,0.23,0.360935386
5350103,High Park North,York Weston Pelham,Toronto,Toronto,5820,6195,520,0.18,0.331068818
5350104,Runnymede-Bloor West Village,York Weston Pelham,Toronto,Toronto,5540,5470,430,0.23,0.340678876
5350105,Junction Area,York Weston Pelham,Toronto,Toronto,4010,4315,530,0.29,0.384874969
5350106,Junction Area,York Weston Pelham,Toronto,Toronto,3960,3680,950,0.44,0.438873493
5350107,Weston-Pelham Park,York Weston Pelham,Toronto,Toronto,4890,4850,940,0.54,0.444761719
5350108,Weston-Pelham Park,York Weston Pelham,Toronto,Toronto,5850,5825,1690,0.62,0.591194449
5350109,Junction-Wallace Emerson,York Weston Pelham,Toronto,Toronto,5370,5470,860,0.35,0.375169097
5350110,Corso Italia-Davenport,York Weston Pelham,Toronto,Toronto,3460,3495,680,0.43,0.440987001
5350111,Corso Italia-Davenport,York Weston Pelham,Toronto,Toronto,2320,2440,320,0.5,0.401498007
5350112,Corso Italia-Davenport,York Weston Pelham,Toronto,Toronto,4770,4760,820,0.45,0.430028001
5350113,Corso Italia-Davenport,York Weston Pelham,Toronto,Toronto,2330,2520,420,0.37,0.532852397
5350114,Wychwood,York Weston Pelham,Toronto,Toronto,4870,5160,920,0.4,0.491319887
5350115,Wychwood,York Weston Pelham,Toronto,Toronto,3950,4220,760,0.42,0.395786646
5350116,Wychwood,York Weston Pelham,Toronto,Toronto,3820,4435,660,0.3,0.428134798
5350117,Casa Loma,East York Don Valley,Toronto,Toronto,2240,2520,390,0.21,0.351418858
5350118,Casa Loma,East York Don Valley,Toronto,Toronto,3620,3995,500,0.24,0.43935267
5350119,Casa Loma,East York Don Valley,Toronto,Toronto,4440,4855,620,0.22,0.367912099
5350120,Yonge-St.Clair,East York Don Valley,Toronto,Toronto,1370,1420,110,0.26,0.409737379
5350121,Yonge-St.Clair,East York Don Valley,Toronto,Toronto,3030,3180,360,0.13,0.283653332
5350122,Yonge-St.Clair,East York Don Valley,Toronto,Toronto,5790,6195,760,0.22,0.383868645
5350123,Yonge-St.Clair,East York Don Valley,Toronto,Toronto,2090,2375,430,0.32,0.469140243
5350124,Rosedale-Moore Park,East York Don Valley,Toronto,Toronto,5910,5525,800,0.26,0.420991282
5350125,Rosedale-Moore Park,East York Don Valley,Toronto,Toronto,4280,4270,340,0.15,0.345509153
5350126,Mount Pleasant East,East York Don Valley,Toronto,Toronto,4070,4165,260,0.22,0.334859139
5350127,Mount Pleasant East,East York Don Valley,Toronto,Toronto,5310,5295,500,0.21,0.320536553
5350128.02,South Eglinton-Davisville,East York Don Valley,Toronto,Toronto,12140,12610,2200,0.26,0.441654268
5350128.04,South Eglinton-Davisville,East York Don Valley,Toronto,Toronto,4480,4770,850,0.33,0.443928646
5350128.05,South Eglinton-Davisville,East York Don Valley,Toronto,Toronto,970,1130,160,0.17,0.308647399
5350128.06,South Eglinton-Davisville,East York Don Valley,Toronto,Toronto,4720,4870,1040,0.34,0.468221239
5350129,Yonge-Eglinton,East York Don Valley,Toronto,Toronto,5350,5640,660,0.23,0.330820003
5350130,Forest Hill South,York Weston Pelham,Toronto,Toronto,3070,3355,370,0.2,0.338259706
5350131,Forest Hill South,York Weston Pelham,Toronto,Toronto,5050,5265,660,0.21,0.369545824
5350132,Forest Hill North,North York,Toronto,Toronto,5370,5350,800,0.23,0.373772283
5350133,Forest Hill North,North York,Toronto,Toronto,6740,7080,1220,0.37,0.493101413
5350134,Lawrence Park South,North York,Toronto,Toronto,2880,2910,230,0.18,0.306723313
5350135,Yonge-Eglinton,East York Don Valley,Toronto,Toronto,6710,6780,1140,0.35,0.477341634
5350136.01,North Toronto,East York Don Valley,Toronto,Toronto,6550,7265,1450,0.38,0.511618681
5350136.02,North Toronto,East York Don Valley,Toronto,Toronto,9440,8740,2480,0.33,0.527618482
5350137,Mount Pleasant East,East York Don Valley,Toronto,Toronto,6640,6915,1070,0.26,0.388615017
5350138,Lawrence Park South,North York,Toronto,Toronto,2840,3010,370,0.2,0.38050545
5350139.01,Lawrence Park South,North York,Toronto,Toronto,4270,4315,580,0.26,0.447189054
5350139.02,Lawrence Park South,North York,Toronto,Toronto,2370,2440,210,0.23,0.4437377
5350140,Lawrence Park South,North York,Toronto,Toronto,2360,2340,220,0.14,0.328332692
5350141.01,Lawrence Park North,North York,Toronto,Toronto,4490,4490,330,0.2,0.294768854
5350141.02,Lawrence Park North,North York,Toronto,Toronto,4640,4655,390,0.22,0.38130818
5350142,Lawrence Park North,North York,Toronto,Toronto,5490,5590,600,0.19,0.297422391
5350150,Lambton Baby Point,York Weston Pelham,Toronto,Toronto,4160,4205,320,0.21,0.344389428
5350151,Lambton Baby Point,York Weston Pelham,Toronto,Toronto,3730,3755,1110,0.56,0.550121643
5350152,Runnymede-Bloor West Village,York Weston Pelham,Toronto,Toronto,4540,4655,480,0.27,0.313154535
5350153,Rockcliffe-Smythe,York Weston Pelham,Toronto,Toronto,4620,4460,1000,0.5,0.468166529
5350154,Rockcliffe-Smythe,York Weston Pelham,Toronto,Toronto,6100,6190,1020,0.47,0.474463497
5350155,Rockcliffe-Smythe,York Weston Pelham,Toronto,Toronto,3650,3080,1440,0.63,0.636389539
5350156.01,Rockcliffe-Smythe,York Weston Pelham,Toronto,Toronto,5630,5700,1850,0.71,0.682920758
5350156.02,Rockcliffe-Smythe,York Weston Pelham,Toronto,Toronto,2790,2810,590,0.59,0.56429863
5350157,Mount Dennis,York Weston Pelham,Toronto,Toronto,2590,2715,660,0.62,0.560735756
5350158,Keelesdale-Eglinton West,York Weston Pelham,Toronto,Toronto,2870,3035,840,0.71,0.609270748
5350159.01,Keelesdale-Eglinton West,York Weston Pelham,Toronto,Toronto,3540,3510,730,0.67,0.487265638
5350159.02,Keelesdale-Eglinton West,York Weston Pelham,Toronto,Toronto,4800,4865,920,0.52,0.445714868
5350160,Caledonia-Fairbank,York Weston Pelham,Toronto,Toronto,3040,3155,580,0.55,0.456130338
5350161,Caledonia-Fairbank,York Weston Pelham,Toronto,Toronto,6800,6885,1350,0.53,0.505244844
5350162,Oakwood Village,York Weston Pelham,Toronto,Toronto,4680,4845,1000,0.57,0.523578805
5350163,Oakwood Village,York Weston Pelham,Toronto,Toronto,4200,4305,820,0.47,0.534855564
5350164,Oakwood Village,York Weston Pelham,Toronto,Toronto,5920,6000,1120,0.41,0.451496188
5350165,Humewood-Cedarvale,York Weston Pelham,Toronto,Toronto,4020,4210,580,0.28,0.473059282
5350166,Humewood-Cedarvale,York Weston Pelham,Toronto,Toronto,4060,4025,550,0.29,0.45572537
5350167.01,Forest Hill South,York Weston Pelham,Toronto,Toronto,2190,2445,370,0.3,0.456293936
5350167.02,Humewood-Cedarvale,York Weston Pelham,Toronto,Toronto,5230,5745,1030,0.37,0.492953606
5350168,Oakwood Village,York Weston Pelham,Toronto,Toronto,5630,5675,1500,0.52,0.589206034
5350169.01,Briar Hill-Belgravia,North York,Toronto,Toronto,3660,3590,790,0.46,0.468859837
5350169.02,Briar Hill-Belgravia,North York,Toronto,Toronto,7550,7595,1710,0.42,0.458038231
5350170,Briar Hill-Belgravia,North York,Toronto,Toronto,3500,3405,820,0.6,0.492065676
5350171,Beechborough-Greenbrook,York Weston Pelham,Toronto,Toronto,4150,3915,1360,0.62,0.523916546
5350172,Beechborough-Greenbrook,York Weston Pelham,Toronto,Toronto,2460,2505,810,0.7,0.697080239
5350173,Mount Dennis,York Weston Pelham,Toronto,Toronto,3680,3585,1130,0.71,0.689888597
5350174,Mount Dennis,York Weston Pelham,Toronto,Toronto,6870,7060,1830,0.65,0.584218686
5350175.01,Weston,York Weston Pelham,Toronto,Toronto,6340,5965,2240,0.76,0.719979087
5350175.02,Weston,York Weston Pelham,Toronto,Toronto,9270,8675,3380,0.8,0.728300222
5350176,Weston,York Weston Pelham,Toronto,Toronto,4380,4265,780,0.46,0.49857317
5350180,Taylor-Massey,East York Don Valley,Toronto,Toronto,6560,6465,1960,0.56,0.591905214
5350181.01,Woodbine-Lumsden,East York Don Valley,Toronto,Toronto,4110,4385,540,0.29,0.335620782
5350181.02,Woodbine-Lumsden,East York Don Valley,Toronto,Toronto,3520,3545,820,0.55,0.52392941
5350182,Danforth East York,East York Don Valley,Toronto,Toronto,5350,5410,630,0.32,0.35818592
5350183.01,Danforth East York,East York Don Valley,Toronto,Toronto,2610,2625,340,0.36,0.390524822
5350183.02,Danforth East York,East York Don Valley,Toronto,Toronto,4000,4035,470,0.37,0.38990985
5350184.01,Danforth East York,East York Don Valley,Toronto,Toronto,4960,5010,1120,0.47,0.49824047
5350184.02,Old East York,East York Don Valley,Toronto,Toronto,3630,3670,690,0.42,0.429785092
5350185.01,Broadview North,East York Don Valley,Toronto,Toronto,6510,6835,1470,0.49,0.556641211
5350185.02,Broadview North,East York Don Valley,Toronto,Toronto,4050,4240,940,0.49,0.505732469
5350186,Leaside-Bennington,East York Don Valley,Toronto,Toronto,2350,2380,220,0.21,0.391085478
5350187,Old East York,East York Don Valley,Toronto,Toronto,3350,3475,440,0.3,0.390959189
5350188,Old East York,East York Don Valley,Toronto,Toronto,2000,2030,270,0.23,0.245538972
5350189,O'Connor-Parkview,East York Don Valley,Toronto,Toronto,5260,5655,1360,0.56,0.558556924
5350190.01,Taylor-Massey,East York Don Valley,Toronto,Toronto,9100,8590,3070,0.59,0.663852079
5350190.02,O'Connor-Parkview,East York Don Valley,Toronto,Toronto,4670,4610,1420,0.63,0.549181806
5350191,O'Connor-Parkview,East York Don Valley,Toronto,Toronto,4480,4370,810,0.43,0.422469783
5350192,O'Connor-Parkview,East York Don Valley,Toronto,Toronto,880,845,280,0.61,0.523020931
5350193,O'Connor-Parkview,East York Don Valley,Toronto,Toronto,3390,3265,780,0.54,0.499477022
5350194.01,Thorncliffe Park,East York Don Valley,Toronto,Toronto,9250,7820,5070,0.89,1
5350194.02,Thorncliffe Park,East York Don Valley,Toronto,Toronto,5170,4715,2130,0.67,0.691573598
5350194.03,Thorncliffe Park,East York Don Valley,Toronto,Toronto,3030,2700,1220,0.7,0.770446259
5350194.04,Thorncliffe Park,East York Don Valley,Toronto,Toronto,5840,5395,1730,0.42,0.526653367
5350195.01,Leaside-Bennington,East York Don Valley,Toronto,Toronto,4300,4425,420,0.23,0.29792199
5350195.02,Leaside-Bennington,East York Don Valley,Toronto,Toronto,2290,2385,180,0.23,0.319232678
5350196.01,Leaside-Bennington,East York Don Valley,Toronto,Toronto,1960,1940,170,0.2,0.288710161
5350196.02,Leaside-Bennington,East York Don Valley,Toronto,Toronto,5540,5575,500,0.26,0.375936617
5350200.01,Humber Bay Shores,South Etobicoke,Toronto,Toronto,5380,5595,1320,0.53,0.575982591
5350200.02,Mimico-Queensway,South Etobicoke,Toronto,Toronto,910,1045,220,0.64,0.619371195
5350201,Mimico-Queensway,South Etobicoke,Toronto,Toronto,5250,5530,1180,0.35,0.454810677
5350202,Mimico-Queensway,South Etobicoke,Toronto,Toronto,1590,1640,210,0.24,0.328180727
5350203,Mimico-Queensway,South Etobicoke,Toronto,Toronto,3190,3425,460,0.35,0.39796461
5350204,New Toronto,South Etobicoke,Toronto,Toronto,4520,4595,840,0.37,0.442267265
5350205,New Toronto,South Etobicoke,Toronto,Toronto,145,145,,,
5350206.01,Long Branch,South Etobicoke,Toronto,Toronto,4820,5110,850,0.32,0.379434971
5350206.02,Long Branch,South Etobicoke,Toronto,Toronto,6110,6295,1270,0.47,0.500195391
5350207,New Toronto,South Etobicoke,Toronto,Toronto,2670,2595,730,0.47,0.594313441
5350208,New Toronto,South Etobicoke,Toronto,Toronto,4040,4165,1320,0.61,0.651174959
5350209,Mimico-Queensway,South Etobicoke,Toronto,Toronto,3460,2865,940,0.47,0.500677352
5350210.01,Mimico-Queensway,South Etobicoke,Toronto,Toronto,2570,3705,320,0.28,0.260377519
5350210.03,Humber Bay Shores,South Etobicoke,Toronto,Toronto,5930,6960,880,0.19,0.261806815
5350210.04,Humber Bay Shores,South Etobicoke,Toronto,Toronto,9420,10080,1600,0.27,0.307482066
5350211,Alderwood,South Etobicoke,Toronto,Toronto,6910,6880,970,0.4,0.359468346
5350212,Alderwood,South Etobicoke,Toronto,Toronto,5910,5715,700,0.38,0.394769883
5350213.01,Islington,South Etobicoke,Toronto,Toronto,2820,2655,400,0.25,0.317921562
5350213.02,Etobicoke City Centre,South Etobicoke,Toronto,Toronto,7120,6295,1210,0.26,0.329353533
5350214,Etobicoke City Centre,South Etobicoke,Toronto,Toronto,6610,6730,960,0.28,0.356039412
5350215,Stonegate-Queensway,South Etobicoke,Toronto,Toronto,7320,7150,1140,0.4,0.430844813
5350216,Stonegate-Queensway,South Etobicoke,Toronto,Toronto,5550,5490,510,0.23,0.347483004
5350217,Stonegate-Queensway,South Etobicoke,Toronto,Toronto,5710,5900,1750,0.51,0.58966469
5350218,Stonegate-Queensway,South Etobicoke,Toronto,Toronto,2760,2675,180,0.17,0.285742541
5350219,Stonegate-Queensway,South Etobicoke,Toronto,Toronto,4580,4535,480,0.27,0.336306629
5350220,Markland Wood,South Etobicoke,Toronto,Toronto,4140,4195,620,0.4,0.418436659
5350221.01,Markland Wood,South Etobicoke,Toronto,Toronto,6440,6360,690,0.34,0.407641777
5350221.02,Etobicoke West Mall,South Etobicoke,Toronto,Toronto,5120,5270,1340,0.47,0.50426436
5350222.01,Islington,South Etobicoke,Toronto,Toronto,8020,7105,1460,0.38,0.377753498
5350222.02,Islington,South Etobicoke,Toronto,Toronto,5120,4985,1360,0.53,0.655389393
5350223.01,Islington,South Etobicoke,Toronto,Toronto,1540,1525,150,0.08,0.203596259
5350223.02,Islington,South Etobicoke,Toronto,Toronto,2250,2180,250,0.25,0.290331778
5350224,Princess-Rosethorn,South Etobicoke,Toronto,Toronto,1670,1650,160,0.01,0.156382916
5350225.01,Islington,South Etobicoke,Toronto,Toronto,5210,5210,880,0.38,0.485498465
5350225.02,Etobicoke City Centre,South Etobicoke,Toronto,Toronto,11040,10825,3180,0.38,0.463675619
5350226,Kingsway South,South Etobicoke,Toronto,Toronto,2810,2810,150,0.22,0.409101718
5350227,Kingsway South,South Etobicoke,Toronto,Toronto,1770,1755,110,0.08,0.24974535
5350228,Kingsway South,South Etobicoke,Toronto,Toronto,3210,3145,260,0.17,0.305427116
5350229,Kingsway South,South Etobicoke,Toronto,Toronto,1080,1225,100,0.32,0.495047021
5350230.01,Edenbridge-Humber Valley,South Etobicoke,Toronto,Toronto,2880,2650,440,0.3,0.452661805
5350230.02,Edenbridge-Humber Valley,South Etobicoke,Toronto,Toronto,6650,6560,1310,0.45,0.439926949
5350231,Edenbridge-Humber Valley,South Etobicoke,Toronto,Toronto,6160,6275,650,0.28,0.414086837
5350232,Princess-Rosethorn,South Etobicoke,Toronto,Toronto,3830,3820,320,0.18,0.258330611
5350233,Princess-Rosethorn,South Etobicoke,Toronto,Toronto,6040,5705,860,0.25,0.333759814
5350234,Eringate-Centennial-West Deane,South Etobicoke,Toronto,Toronto,4710,4530,740,0.35,0.396201391
5350235.01,Eringate-Centennial-West Deane,South Etobicoke,Toronto,Toronto,3050,2900,370,0.43,0.293275206
5350235.02,Eringate-Centennial-West Deane,South Etobicoke,Toronto,Toronto,5390,5165,890,0.45,0.440384791
5350236.01,Etobicoke West Mall,South Etobicoke,Toronto,Toronto,6930,6950,1570,0.48,0.436564103
5350236.02,Eringate-Centennial-West Deane,South Etobicoke,Toronto,Toronto,6030,5905,850,0.4,0.412611976
5350237.01,Willowridge-Martingrove-Richview,North Etobicoke,Toronto,Toronto,6990,6640,1910,0.64,0.614484224
5350237.02,Willowridge-Martingrove-Richview,North Etobicoke,Toronto,Toronto,3260,3005,600,0.46,0.436991422
5350237.03,Willowridge-Martingrove-Richview,North Etobicoke,Toronto,Toronto,5920,5935,1210,0.51,0.489849431
5350238.01,Willowridge-Martingrove-Richview,North Etobicoke,Toronto,Toronto,3670,3500,320,0.33,0.391591803
5350238.02,Kingsview Village-The Westway,North Etobicoke,Toronto,Toronto,5550,5305,1220,0.55,0.556706272
5350239,Kingsview Village-The Westway,North Etobicoke,Toronto,Toronto,6920,6715,1910,0.51,0.519092162
5350240.01,Willowridge-Martingrove-Richview,North Etobicoke,Toronto,Toronto,3550,3375,340,0.23,0.224625416
5350240.02,Humber Heights-Westmount,North Etobicoke,Toronto,Toronto,5890,6090,1130,0.48,0.494114712
5350241,Humber Heights-Westmount,North Etobicoke,Toronto,Toronto,2960,2770,380,0.34,0.33893264
5350242,Humber Heights-Westmount,North Etobicoke,Toronto,Toronto,1700,1565,590,0.61,0.523498796
5350243.01,Kingsview Village-The Westway,North Etobicoke,Toronto,Toronto,7380,6210,2680,0.73,0.699190861
5350243.02,Kingsview Village-The Westway,North Etobicoke,Toronto,Toronto,4080,3795,1160,0.76,0.652198912
5350244.01,Elms-Old Rexdale,North Etobicoke,Toronto,Toronto,3750,3665,860,0.56,0.526079735
5350244.02,Elms-Old Rexdale,North Etobicoke,Toronto,Toronto,5940,5705,2040,0.68,0.66133261
5350245,Rexdale-Kipling,North Etobicoke,Toronto,Toronto,7520,7030,2000,0.63,0.639798287
5350246,Rexdale-Kipling,North Etobicoke,Toronto,Toronto,3610,3345,840,0.43,0.475657097
5350247.01,West Humber-Clairville,North Etobicoke,Toronto,Toronto,10580,9030,2840,0.44,0.503059419
5350247.02,West Humber-Clairville,North Etobicoke,Toronto,Toronto,8140,7215,1820,0.48,0.439784427
5350248.02,Mount Olive-Silverstone-Jamestown,North Etobicoke,Toronto,Toronto,6170,5540,2580,0.75,0.743191429
5350248.03,West Humber-Clairville,North Etobicoke,Toronto,Toronto,3260,2655,880,0.38,0.421738922
5350248.04,West Humber-Clairville,North Etobicoke,Toronto,Toronto,5640,4945,1660,0.46,0.566475919
5350248.05,West Humber-Clairville,North Etobicoke,Toronto,Toronto,5040,4285,1470,0.52,0.583527942
5350249.01,Mount Olive-Silverstone-Jamestown,North Etobicoke,Toronto,Toronto,5010,4600,1160,0.48,0.399839075
5350249.03,West Humber-Clairville,North Etobicoke,Toronto,Toronto,6280,5565,1590,0.49,0.459015255
5350249.04,Mount Olive-Silverstone-Jamestown,North Etobicoke,Toronto,Toronto,3160,2710,840,0.52,0.567744205
5350249.05,Mount Olive-Silverstone-Jamestown,North Etobicoke,Toronto,Toronto,6390,5605,2400,0.67,0.608906134
5350250.01,Thistletown-Beaumond Heights,North Etobicoke,Toronto,Toronto,5830,5050,1760,0.59,0.63410633
5350250.02,Thistletown-Beaumond Heights,North Etobicoke,Toronto,Toronto,5290,4955,1310,0.53,0.50182747
5350250.04,Mount Olive-Silverstone-Jamestown,North Etobicoke,Toronto,Toronto,6590,5940,2070,0.69,0.618978509
5350250.05,Mount Olive-Silverstone-Jamestown,North Etobicoke,Toronto,Toronto,7450,7035,2690,0.77,0.643461777
5350260.01,Flemingdon Park,East York Don Valley,Toronto,Toronto,7010,6590,2110,0.5,0.51997188
5350260.04,Flemingdon Park,East York Don Valley,Toronto,Toronto,4230,3880,1930,0.73,0.750700728
5350260.05,Flemingdon Park,East York Don Valley,Toronto,Toronto,4320,4140,2350,1,0.911125386
5350260.06,Flemingdon Park,East York Don Valley,Toronto,Toronto,4540,4355,1350,0.43,0.540707932
5350260.07,Flemingdon Park,East York Don Valley,Toronto,Toronto,3760,3590,860,0.45,0.503710717
5350261,Victoria Village,East York Don Valley,Toronto,Toronto,5520,5545,1890,0.6,0.581588592
5350262.01,Victoria Village,East York Don Valley,Toronto,Toronto,5860,5850,1510,0.54,0.547830813
5350262.02,Victoria Village,East York Don Valley,Toronto,Toronto,6460,6250,1660,0.53,0.544501322
5350263.02,Banbury-Don Mills,North York,Toronto,Toronto,3760,3875,660,0.34,0.431129238
5350263.03,Banbury-Don Mills,North York,Toronto,Toronto,4630,4635,830,0.33,0.428826785
5350263.04,Banbury-Don Mills,North York,Toronto,Toronto,7380,6465,2300,0.48,0.619985355
5350264,Bridle Path-Sunnybrook-York Mills,North York,Toronto,Toronto,1210,1260,310,0.05,0.367662731
5350265,Bridle Path-Sunnybrook-York Mills,North York,Toronto,Toronto,4720,5555,530,0.2,0.343242725
5350266,Bridle Path-Sunnybrook-York Mills,North York,Toronto,Toronto,3120,3090,440,0.17,0.384493619
5350267,Banbury-Don Mills,North York,Toronto,Toronto,6290,6045,1100,0.26,0.394385435
5350268,Banbury-Don Mills,North York,Toronto,Toronto,6560,6455,1040,0.3,0.363271225
5350269.01,Fenside-Parkwoods,North York,Toronto,Toronto,5430,5285,1660,0.49,0.539947968
5350269.02,Parkwoods-O'Connor Hills,North York,Toronto,Toronto,2560,2565,350,0.41,0.277024609
5350270.01,Fenside-Parkwoods,North York,Toronto,Toronto,4820,4765,1040,0.5,0.521758303
5350270.02,Parkwoods-O'Connor Hills,North York,Toronto,Toronto,4210,4265,920,0.52,0.521117461
5350271.01,Parkwoods-O'Connor Hills,North York,Toronto,Toronto,2400,2395,360,0.44,0.391642032
5350271.02,Parkwoods-O'Connor Hills,North York,Toronto,Toronto,4820,4725,1170,0.51,0.557992966
5350272.01,Fenside-Parkwoods,North York,Toronto,Toronto,6120,5945,1830,0.51,0.559122702
5350272.02,Fenside-Parkwoods,North York,Toronto,Toronto,4820,4625,970,0.37,0.432420409
5350273.01,St.Andrew-Windfields,North York,Toronto,Toronto,4100,3705,850,0.28,0.461226558
5350273.02,St.Andrew-Windfields,North York,Toronto,Toronto,4140,4030,900,0.29,0.461847049
5350274.01,St.Andrew-Windfields,North York,Toronto,Toronto,4910,4710,1110,0.37,0.512807666
5350274.02,St.Andrew-Windfields,North York,Toronto,Toronto,4510,4560,880,0.24,0.400601494
5350275,Bedford Park-Nortown,North York,Toronto,Toronto,5500,5570,520,0.22,0.357636624
5350276.01,Bedford Park-Nortown,North York,Toronto,Toronto,6440,6315,960,0.23,0.350527696
5350276.02,Bedford Park-Nortown,North York,Toronto,Toronto,6820,6570,780,0.27,0.384658598
5350277,Bedford Park-Nortown,North York,Toronto,Toronto,4220,3925,700,0.29,0.386518539
5350278,Englemount-Lawrence,North York,Toronto,Toronto,8010,7730,1560,0.35,0.462166585
5350279.01,Yorkdale-Glen Park,North York,Toronto,Toronto,4210,4135,780,0.41,0.466046605
5350279.02,Yorkdale-Glen Park,North York,Toronto,Toronto,6270,6140,1470,0.65,0.506350081
5350280,Brookhaven-Amesbury,York Weston Pelham,Toronto,Toronto,7680,7220,1980,0.61,0.531061431
5350281.01,Brookhaven-Amesbury,York Weston Pelham,Toronto,Toronto,6720,6405,1950,0.66,0.542648624
5350281.02,Brookhaven-Amesbury,York Weston Pelham,Toronto,Toronto,4090,3925,1120,0.78,0.558738584
5350282,Pelmo Park-Humberlea,York Weston Pelham,Toronto,Toronto,4710,4585,850,0.49,0.399598426
5350283.01,Rustic,York Weston Pelham,Toronto,Toronto,5520,5150,1710,0.67,0.634339985
5350283.02,Rustic,York Weston Pelham,Toronto,Toronto,4650,4390,1580,0.64,0.579934563
5350284,Maple Leaf,York Weston Pelham,Toronto,Toronto,6910,6760,1450,0.54,0.465504458
5350285,Maple Leaf,York Weston Pelham,Toronto,Toronto,3420,3280,650,0.56,0.488715814
5350286,Yorkdale-Glen Park,North York,Toronto,Toronto,7110,6765,1920,0.46,0.536943921
5350287.02,Englemount-Lawrence,North York,Toronto,Toronto,6780,6475,1560,0.41,0.46642332
5350287.03,Englemount-Lawrence,North York,Toronto,Toronto,3570,2700,1330,0.68,0.656048195
5350287.04,Englemount-Lawrence,North York,Toronto,Toronto,4600,4550,890,0.3,0.392444068
5350288,Clanton Park,North York,Toronto,Toronto,11380,11025,2330,0.36,0.438068571
5350289,Downsview,Black Creek,Toronto,Toronto,5180,4885,1090,0.51,0.446545056
5350290.01,Oakdale-Beverley Heights,Black Creek,Toronto,Toronto,3790,3750,1040,0.63,0.545523976
5350290.02,Downsview,Black Creek,Toronto,Toronto,1600,1655,380,0.51,0.564719614
5350291.02,Oakdale-Beverley Heights,Black Creek,Toronto,Toronto,5110,4885,1310,0.54,0.481621976
5350291.03,Downsview,Black Creek,Toronto,Toronto,2670,2720,680,0.58,0.559291465
5350291.04,Downsview,Black Creek,Toronto,Toronto,1630,1570,430,0.58,0.568549702
5350292,Oakdale-Beverley Heights,Black Creek,Toronto,Toronto,9760,8580,2800,0.77,0.623874865
5350293,Pelmo Park-Humberlea,York Weston Pelham,Toronto,Toronto,6890,6810,1420,0.48,0.437035585
5350294.01,Oakdale-Beverley Heights,Black Creek,Toronto,Toronto,4000,4180,1040,0.65,0.59038993
5350294.02,Glenfield-Jane Heights,Black Creek,Toronto,Toronto,4760,4450,1060,0.56,0.436879812
5350295,Downsview,Black Creek,Toronto,Toronto,5610,5480,1270,0.57,0.500449909
5350296,Downsview,Black Creek,Toronto,Toronto,2750,1745,710,0.39,0.491466056
5350297.01,Bathurst Manor,North York,Toronto,Toronto,7510,7235,1860,0.38,0.438587697
5350297.02,Clanton Park,North York,Toronto,Toronto,7000,6650,1380,0.38,0.433221484
5350298,Lansing-Westgate,North York,Toronto,Toronto,4680,4560,690,0.26,0.373885285
5350299.01,Lansing-Westgate,North York,Toronto,Toronto,6285,6285,,0.45,0.928450067
5350299.02,Lansing-Westgate,North York,Toronto,Toronto,5070,5130,1320,0.31,0.500705551
5350300.01,Avondale,North York,Toronto,Toronto,3710,3845,1100,0.3,0.510501831
5350300.02,Avondale,North York,Toronto,Toronto,7030,7505,1610,0.28,0.371246126
5350300.03,Avondale,North York,Toronto,Toronto,2650,2450,550,0.24,0.285696987
5350301.01,Henry Farm,North York,Toronto,Toronto,2900,2865,540,0.35,0.465486995
5350301.03,Henry Farm,North York,Toronto,Toronto,10070,8325,3050,0.37,0.531273255
5350301.04,Henry Farm,North York,Toronto,Toronto,9910,8765,3110,0.41,0.562993095
5350302.01,Pleasant View,North York,Toronto,Toronto,6440,6115,1280,0.37,0.392245754
5350302.02,Pleasant View,North York,Toronto,Toronto,6320,5870,1610,0.43,0.499955511
5350302.03,Pleasant View,North York,Toronto,Toronto,3660,3270,1080,0.45,0.528807088
5350303,Don Valley Village,North York,Toronto,Toronto,6820,6080,2260,0.55,0.65768448
5350304.01,Don Valley Village,North York,Toronto,Toronto,4400,4405,1190,0.53,0.600225771
5350304.02,Don Valley Village,North York,Toronto,Toronto,4590,4595,840,0.25,0.382158327
5350304.03,Bayview Village,North York,Toronto,Toronto,3470,2485,860,0.42,0.468279854
5350304.04,Don Valley Village,North York,Toronto,Toronto,3800,3480,1080,0.48,0.516981215
5350304.05,Don Valley Village,North York,Toronto,Toronto,2980,2685,800,0.48,0.580750542
5350304.06,Don Valley Village,North York,Toronto,Toronto,5960,5725,1330,0.35,0.469267684
5350305.01,Bayview Village,North York,Toronto,Toronto,5420,4415,1330,0.32,0.488942912
5350305.03,Bayview Village,North York,Toronto,Toronto,4780,4765,1250,0.39,0.545517611
5350305.05,Bayview Village,North York,Toronto,Toronto,6320,6580,1370,0.3,0.425630204
5350305.06,Bayview Village,North York,Toronto,Toronto,4060,4370,1160,0.38,0.524325013
5350306.01,East Willowdale,North York,Toronto,Toronto,4970,4610,1530,0.41,0.574909665
5350306.02,East Willowdale,North York,Toronto,Toronto,4890,4685,1260,0.29,0.483009981
5350307.03,Yonge-Doris,North York,Toronto,Toronto,4970,4960,1440,0.35,0.577266434
5350307.04,Yonge-Doris,North York,Toronto,Toronto,7520,6920,1830,0.34,0.586199747
5350307.05,Yonge-Doris,North York,Toronto,Toronto,3640,3365,1120,0.33,0.524769487
5350307.06,Yonge-Doris,North York,Toronto,Toronto,5090,5060,1480,0.36,0.549837615
5350307.07,East Willowdale,North York,Toronto,Toronto,7220,6215,2250,0.38,0.566705258
5350308.02,Willowdale West,North York,Toronto,Toronto,4490,4325,1040,0.34,0.548740184
5350308.03,Willowdale West,North York,Toronto,Toronto,1240,1115,250,0.08,0.149001453
5350308.05,Willowdale West,North York,Toronto,Toronto,2430,2385,600,0.4,0.45980508
5350308.06,Willowdale West,North York,Toronto,Toronto,6120,5585,1780,0.34,0.47376834
5350308.07,Willowdale West,North York,Toronto,Toronto,3660,3795,1180,0.38,0.491576081
5350309,Westminster-Branson,North York,Toronto,Toronto,6320,6365,1590,0.46,0.491621
5350310.01,Bathurst Manor,North York,Toronto,Toronto,3610,3610,690,0.34,0.351160718
5350310.02,Bathurst Manor,North York,Toronto,Toronto,5490,5330,1240,0.42,0.507823344
5350311.02,York University Heights,Black Creek,Toronto,Toronto,6480,6010,1890,0.61,0.558028576
5350311.03,York University Heights,Black Creek,Toronto,Toronto,2880,2670,640,0.59,0.523343884
5350311.04,York University Heights,Black Creek,Toronto,Toronto,6910,6515,1760,0.6,0.485638638
5350311.05,York University Heights,Black Creek,Toronto,Toronto,7630,6700,2630,0.49,0.594577793
5350311.06,York University Heights,Black Creek,Toronto,Toronto,10650,6665,5010,0.55,0.736704443
5350312.02,Glenfield-Jane Heights,Black Creek,Toronto,Toronto,3730,3505,1150,0.76,0.596534441
5350312.03,Glenfield-Jane Heights,Black Creek,Toronto,Toronto,6670,6375,1920,0.7,0.569444055
5350312.04,Glenfield-Jane Heights,Black Creek,Toronto,Toronto,5260,5235,1770,0.83,0.665248639
5350312.05,Glenfield-Jane Heights,Black Creek,Toronto,Toronto,4130,3685,1730,0.91,0.739004662
5350312.06,Glenfield-Jane Heights,Black Creek,Toronto,Toronto,3630,3415,1150,0.68,0.534731891
5350312.07,Glenfield-Jane Heights,Black Creek,Toronto,Toronto,3790,3535,1130,0.78,0.603499114
5350313,Humbermede,Black Creek,Toronto,Toronto,5950,5555,1450,0.58,0.468570174
5350314.01,Humbermede,Black Creek,Toronto,Toronto,6440,6275,2040,0.69,0.726161849
5350314.02,Humbermede,Black Creek,Toronto,Toronto,5550,5130,1610,0.6,0.5237353
5350315.01,Humber Summit,Black Creek,Toronto,Toronto,3690,3265,710,0.59,0.427190955
5350315.02,Humber Summit,Black Creek,Toronto,Toronto,3690,3365,1160,0.68,0.540236264
5350315.03,Humber Summit,Black Creek,Toronto,Toronto,6280,5565,1950,0.65,0.582799559
5350316.01,Black Creek,Black Creek,Toronto,Toronto,4290,3970,1110,0.61,0.437411108
5350316.03,Black Creek,Black Creek,Toronto,Toronto,5990,5760,2170,0.87,0.664440313
5350316.04,Black Creek,Black Creek,Toronto,Toronto,4330,4105,1890,0.8,0.671588778
5350316.05,Black Creek,Black Creek,Toronto,Toronto,4150,4105,1500,0.76,0.666439961
5350316.06,Black Creek,Black Creek,Toronto,Toronto,3960,3365,1520,0.76,0.640820531
5350317.02,Westminster-Branson,North York,Toronto,Toronto,7750,7240,2470,0.55,0.627942612
5350317.03,Westminster-Branson,North York,Toronto,Toronto,3850,3530,890,0.41,0.440743138
5350317.04,Westminster-Branson,North York,Toronto,Toronto,6970,6730,1800,0.53,0.549128993
5350317.05,Westminster-Branson,North York,Toronto,Toronto,2310,2160,570,0.35,0.447966971
5350318.01,Newtonbrook West,North York,Toronto,Toronto,5210,4760,1280,0.41,0.458876481
5350318.02,Newtonbrook West,North York,Toronto,Toronto,4300,4140,1410,0.41,0.505237453
5350319,Newtonbrook West,North York,Toronto,Toronto,4530,4100,1390,0.47,0.625014378
5350320.01,Newtonbrook West,North York,Toronto,Toronto,5580,5180,1910,0.62,0.757890088
5350320.02,Newtonbrook West,North York,Toronto,Toronto,6190,5800,1640,0.44,0.48058177
5350321.01,Newtonbrook East,North York,Toronto,Toronto,4240,3805,1190,0.41,0.602267657
5350321.02,Newtonbrook East,North York,Toronto,Toronto,4270,3880,1190,0.44,0.701822182
5350322.01,Newtonbrook East,North York,Toronto,Toronto,4540,4495,1300,0.38,0.552966124
5350322.02,Newtonbrook East,North York,Toronto,Toronto,3520,3815,1140,0.4,0.655737946
5350323.01,Bayview Woods-Steeles,North York,Toronto,Toronto,4450,4275,980,0.42,0.546978841
5350323.02,Bayview Woods-Steeles,North York,Toronto,Toronto,5010,4950,940,0.43,0.589573096
5350324.01,Bayview Woods-Steeles,North York,Toronto,Toronto,3570,3275,1020,0.38,0.446542154
5350324.02,Hillcrest Village,North York,Toronto,Toronto,6510,5925,1960,0.37,0.496302728
5350324.03,Hillcrest Village,North York,Toronto,Toronto,4160,3675,1230,0.39,0.46768942
5350324.05,Hillcrest Village,North York,Toronto,Toronto,3390,3335,880,0.38,0.386899807
5350324.06,Hillcrest Village,North York,Toronto,Toronto,3600,3440,730,0.32,0.402318486
5350330,Guildwood,South Scarborough,Toronto,Toronto,4450,4250,550,0.37,0.433264423
5350331.01,Guildwood,South Scarborough,Toronto,Toronto,5630,5545,830,0.42,0.424282685
5350331.03,Scarborough Village,South Scarborough,Toronto,Toronto,6590,6065,2450,0.71,0.699510749
5350331.04,Scarborough Village,South Scarborough,Toronto,Toronto,3490,3370,700,0.38,0.370647664
5350332,Scarborough Village,South Scarborough,Toronto,Toronto,7890,7340,2900,0.61,0.584656748
5350333,Cliffcrest,South Scarborough,Toronto,Toronto,5060,4715,1020,0.47,0.484847037
5350334,Cliffcrest,South Scarborough,Toronto,Toronto,4030,3610,800,0.43,0.463843212
5350335,Cliffcrest,South Scarborough,Toronto,Toronto,8530,7855,2520,0.56,0.552690936
5350336,Birchcliffe-Cliffside,South Scarborough,Toronto,Toronto,7300,6905,1660,0.52,0.528955591
5350337.01,Birchcliffe-Cliffside,South Scarborough,Toronto,Toronto,1220,1175,340,0.7,0.683206228
5350337.02,Birchcliffe-Cliffside,South Scarborough,Toronto,Toronto,1900,2010,460,0.63,0.660130511
5350338,Birchcliffe-Cliffside,South Scarborough,Toronto,Toronto,5810,6090,920,0.35,0.406591957
5350339,Birchcliffe-Cliffside,South Scarborough,Toronto,Toronto,6780,6935,740,0.39,0.453145881
5350340,Clairlea-Birchmount,South Scarborough,Toronto,Toronto,7500,6930,2320,0.56,0.623286055
5350341.02,Oakridge,South Scarborough,Toronto,Toronto,4760,4580,1670,0.63,0.576774971
5350341.03,Oakridge,South Scarborough,Toronto,Toronto,3410,3185,1700,0.81,0.862674626
5350341.04,Oakridge,South Scarborough,Toronto,Toronto,6520,6150,2460,0.67,0.678087815
5350342,Clairlea-Birchmount,South Scarborough,Toronto,Toronto,7720,7330,2060,0.54,0.528030665
5350343,Clairlea-Birchmount,South Scarborough,Toronto,Toronto,4870,4260,1650,0.65,0.650887026
5350344.01,Kennedy Park,South Scarborough,Toronto,Toronto,6060,5180,2080,0.58,0.61432354
5350344.02,Kennedy Park,South Scarborough,Toronto,Toronto,3330,3300,1390,0.66,0.646968112
5350345,Kennedy Park,South Scarborough,Toronto,Toronto,4490,4045,1290,0.51,0.483154317
5350346.01,Kennedy Park,South Scarborough,Toronto,Toronto,4880,4630,1610,0.6,0.589939034
5350346.02,Ionview,South Scarborough,Toronto,Toronto,5650,5320,1500,0.5,0.483821683
5350347,Clairlea-Birchmount,South Scarborough,Toronto,Toronto,3290,3390,590,0.47,0.519460373
5350348,Clairlea-Birchmount,South Scarborough,Toronto,Toronto,5790,5780,1060,0.41,0.443424669
5350349,Wexford/Maryvale,South Scarborough,Toronto,Toronto,5990,5635,1770,0.71,0.665924929
5350350,Wexford/Maryvale,South Scarborough,Toronto,Toronto,6140,5230,1690,0.51,0.525853421
5350351.01,Ionview,South Scarborough,Toronto,Toronto,5930,5375,1730,0.56,0.524427263
5350351.02,Ionview,South Scarborough,Toronto,Toronto,2990,2685,890,0.57,0.54250008
5350352,Dorset Park,South Scarborough,Toronto,Toronto,5630,5280,1530,0.54,0.560631191
5350353.02,Bendale South,South Scarborough,Toronto,Toronto,6110,5465,1810,0.54,0.5158308
5350353.03,Eglinton East,South Scarborough,Toronto,Toronto,3340,3000,890,0.45,0.492221381
5350353.04,Eglinton East,South Scarborough,Toronto,Toronto,4680,4255,1590,0.59,0.590958582
5350354,Bendale South,South Scarborough,Toronto,Toronto,6120,5425,1840,0.5,0.544669095
5350355.02,Eglinton East,South Scarborough,Toronto,Toronto,5540,5100,1440,0.61,0.576860469
5350355.04,Eglinton East,South Scarborough,Toronto,Toronto,5200,5150,1440,0.54,0.564361293
5350355.05,Eglinton East,South Scarborough,Toronto,Toronto,3760,3525,1150,0.68,0.653792745
5350355.06,Eglinton East,South Scarborough,Toronto,Toronto,1960,1790,750,0.61,0.496743039
5350356,Golfdale-Cedarbrae-Woburn,South Scarborough,Toronto,Toronto,5150,4965,1270,0.46,0.46181632
5350357.01,Golfdale-Cedarbrae-Woburn,South Scarborough,Toronto,Toronto,7230,6705,2800,0.77,0.720380877
5350357.02,Golfdale-Cedarbrae-Woburn,South Scarborough,Toronto,Toronto,5230,5000,2190,0.78,0.691227384
5350358.01,West Hill,South Scarborough,Toronto,Toronto,3870,3505,1110,0.65,0.505920985
5350358.02,West Hill,South Scarborough,Toronto,Toronto,5550,5280,1820,0.66,0.593167473
5350358.03,West Hill,South Scarborough,Toronto,Toronto,6110,5715,2330,0.61,0.633677251
5350359,West Hill,South Scarborough,Toronto,Toronto,8210,7680,2750,0.64,0.669664036
5350360,West Hill,South Scarborough,Toronto,Toronto,6740,6230,1410,0.44,0.453350023
5350361.01,Centennial Scarborough,South Scarborough,Toronto,Toronto,6150,6040,770,0.38,0.452609287
5350361.02,Centennial Scarborough,South Scarborough,Toronto,Toronto,7720,7420,920,0.29,0.325520831
5350362.01,West Rouge,North Scarborough,Toronto,Toronto,6600,6295,1380,0.43,0.435084589
5350362.02,Highland Creek,South Scarborough,Toronto,Toronto,6580,5805,1460,0.35,0.370288173
5350362.03,Highland Creek,South Scarborough,Toronto,Toronto,7700,6875,1910,0.41,0.461975755
5350362.04,West Rouge,North Scarborough,Toronto,Toronto,5180,5240,980,0.47,0.435373208
5350363.02,Morningside,South Scarborough,Toronto,Toronto,3480,3270,710,0.47,0.463468074
5350363.04,Morningside,South Scarborough,Toronto,Toronto,4110,3905,940,0.45,0.550909467
5350363.05,Morningside,South Scarborough,Toronto,Toronto,4800,4665,1920,0.63,0.748287125
5350363.06,Woburn North,South Scarborough,Toronto,Toronto,6980,7175,1800,0.39,0.510187921
5350363.07,Woburn North,South Scarborough,Toronto,Toronto,5830,5165,2500,0.66,0.717379073
5350364.01,Morningside,South Scarborough,Toronto,Toronto,6370,5865,1670,0.51,0.498495256
5350364.02,Golfdale-Cedarbrae-Woburn,South Scarborough,Toronto,Toronto,3470,3110,970,0.47,0.529694202
5350365,Golfdale-Cedarbrae-Woburn,South Scarborough,Toronto,Toronto,8910,7650,2790,0.48,0.539363111
5350366,Woburn North,South Scarborough,Toronto,Toronto,6970,6225,2180,0.52,0.518416458
5350367.01,Woburn North,South Scarborough,Toronto,Toronto,5050,4535,1470,0.44,0.498572179
5350367.02,Woburn North,South Scarborough,Toronto,Toronto,4160,3560,1060,0.52,0.517376088
5350368.01,Bendale-Glen Andrew,South Scarborough,Toronto,Toronto,6160,6625,1800,0.39,0.522976645
5350368.02,Bendale-Glen Andrew,South Scarborough,Toronto,Toronto,4840,4365,1420,0.5,0.522247464
5350369,Bendale-Glen Andrew,South Scarborough,Toronto,Toronto,8750,8145,2600,0.61,0.555663817
5350370.01,Dorset Park,South Scarborough,Toronto,Toronto,9920,9655,3000,0.55,0.544770837
5350370.02,Dorset Park,South Scarborough,Toronto,Toronto,6040,5570,1580,0.49,0.47990356
5350370.03,Dorset Park,South Scarborough,Toronto,Toronto,4650,4260,1180,0.49,0.466610906
5350371,Wexford/Maryvale,South Scarborough,Toronto,Toronto,9270,8460,2370,0.53,0.555733806
5350372,Wexford/Maryvale,South Scarborough,Toronto,Toronto,4680,4335,1020,0.53,0.530393155
5350373,Wexford/Maryvale,South Scarborough,Toronto,Toronto,5320,4935,1440,0.5,0.561737216
5350374.01,Tam O'Shanter-Sullivan,North Scarborough,Toronto,Toronto,5680,5150,1350,0.35,0.436534537
5350374.02,Tam O'Shanter-Sullivan,North Scarborough,Toronto,Toronto,3440,3170,850,0.45,0.397940192
5350374.03,Tam O'Shanter-Sullivan,North Scarborough,Toronto,Toronto,4220,4050,1340,0.57,0.549934714
5350375.01,L'Amoreaux West,North Scarborough,Toronto,Toronto,6460,6265,2150,0.62,0.606888889
5350375.02,Tam O'Shanter-Sullivan,North Scarborough,Toronto,Toronto,2090,1885,310,0.32,0.418045766
5350375.03,Tam O'Shanter-Sullivan,North Scarborough,Toronto,Toronto,5530,5220,1680,0.5,0.546786429
5350375.04,East L'Amoreaux,North Scarborough,Toronto,Toronto,6250,5780,1690,0.44,0.44395647
5350375.05,L'Amoreaux West,North Scarborough,Toronto,Toronto,7110,6915,1670,0.44,0.459023249
5350376.01,East L'Amoreaux,North Scarborough,Toronto,Toronto,5380,5025,1930,0.61,0.630370958
5350376.02,East L'Amoreaux,North Scarborough,Toronto,Toronto,5020,4665,1670,0.65,0.586610141
5350376.04,Steeles,North Scarborough,Toronto,Toronto,5290,5295,1360,0.49,0.520747207
5350376.05,Steeles,North Scarborough,Toronto,Toronto,7180,6300,2570,0.78,0.770453935
5350376.06,Milliken,North Scarborough,Toronto,Toronto,480,430,200,0.32,0.340816914
5350376.08,East L'Amoreaux,North Scarborough,Toronto,Toronto,6310,6055,1610,0.53,0.542860543
5350376.09,Steeles,North Scarborough,Toronto,Toronto,4500,4250,1380,0.59,0.602018193
5350376.11,L'Amoreaux West,North Scarborough,Toronto,Toronto,3570,3315,1210,0.6,0.521912449
5350376.12,L'Amoreaux West,North Scarborough,Toronto,Toronto,5560,5085,1350,0.44,0.43699139
5350376.13,Steeles,North Scarborough,Toronto,Toronto,3710,3625,1020,0.52,0.58172704
5350376.14,Steeles,North Scarborough,Toronto,Toronto,3740,3470,1040,0.58,0.664493981
5350376.15,Tam O'Shanter-Sullivan,North Scarborough,Toronto,Toronto,3570,3560,880,0.49,0.519748471
5350376.16,Tam O'Shanter-Sullivan,North Scarborough,Toronto,Toronto,4350,4485,1200,0.58,0.55215158
5350377.02,Agincourt South-Malvern West,North Scarborough,Toronto,Toronto,4850,4350,1440,0.48,0.539754454
5350377.03,Agincourt North,North Scarborough,Toronto,Toronto,2920,2680,780,0.49,0.523166005
5350377.04,Agincourt North,North Scarborough,Toronto,Toronto,5810,5465,1720,0.6,0.591978846
5350377.06,Milliken,North Scarborough,Toronto,Toronto,3610,3410,1380,0.61,0.66475413
5350377.07,Milliken,North Scarborough,Toronto,Toronto,4650,4555,1510,0.63,0.664447672
5350377.08,Agincourt South-Malvern West,North Scarborough,Toronto,Toronto,5300,4910,1540,0.49,0.424097347
5350377.09,Agincourt South-Malvern West,North Scarborough,Toronto,Toronto,5440,5505,1680,0.4,0.478767094
5350378.02,Agincourt South-Malvern West,North Scarborough,Toronto,Toronto,3280,2970,1010,0.47,0.516916848
5350378.03,Malvern East,North Scarborough,Toronto,Toronto,8870,7950,2150,0.44,0.457264431
5350378.04,Malvern West,North Scarborough,Toronto,Toronto,6570,5960,2000,0.59,0.504805479
5350378.05,Malvern East,North Scarborough,Toronto,Toronto,4070,3910,960,0.5,0.468024775
5350378.06,Malvern West,North Scarborough,Toronto,Toronto,6290,5765,1710,0.51,0.489335029
5350378.07,Agincourt South-Malvern West,North Scarborough,Toronto,Toronto,7050,6690,1810,0.59,0.533692998
5350378.08,Agincourt North,North Scarborough,Toronto,Toronto,6680,6275,1810,0.62,0.567666893
5350378.11,Malvern West,North Scarborough,Toronto,Toronto,6130,5630,1540,0.57,0.629300283
5350378.12,Malvern East,North Scarborough,Toronto,Toronto,5680,5300,1770,0.64,0.602717214
5350378.14,Agincourt North,North Scarborough,Toronto,Toronto,3830,3705,1120,0.55,0.611176044
5350378.16,Malvern East,North Scarborough,Toronto,Toronto,6070,5695,1610,0.62,0.635575313
5350378.17,Malvern East,North Scarborough,Toronto,Toronto,3570,3265,1030,0.47,0.453044074
5350378.18,Milliken,North Scarborough,Toronto,Toronto,2540,2590,830,0.58,0.627586204
5350378.19,Milliken,North Scarborough,Toronto,Toronto,5310,4815,1530,0.49,0.488346725
5350378.2,Milliken,North Scarborough,Toronto,Toronto,1900,1920,640,0.63,0.643389356
5350378.21,Milliken,North Scarborough,Toronto,Toronto,3800,3610,1200,0.58,0.552817952
5350378.22,Milliken,North Scarborough,Toronto,Toronto,3420,3110,1150,0.73,0.677525917
5350378.23,Agincourt North,North Scarborough,Toronto,Toronto,4170,3840,1130,0.46,0.472148779
5350378.24,Agincourt North,North Scarborough,Toronto,Toronto,5850,5820,1640,0.57,0.592761735
5350378.25,Morningside Heights,North Scarborough,Toronto,Toronto,8580,7615,2200,0.46,0.405487458
5350378.26,Morningside Heights,North Scarborough,Toronto,Toronto,5540,4870,1320,0.4,0.407147277
5350378.27,Morningside Heights,North Scarborough,Toronto,Toronto,6050,5545,1430,0.45,0.43834038
5350378.28,Morningside Heights,North Scarborough,Toronto,Toronto,7550,6945,1860,0.48,0.420763646
5350400.02,Markham Village,Markham,Markham,York,5940,5880,670,0.33,0.359679727
5350400.03,Markham Village,Markham,Markham,York,2960,2845,540,0.35,0.392878571
5350400.04,Markham Central East,Markham,Markham,York,2080,1975,410,0.36,0.459498706
5350400.06,Markham Village,Markham,Markham,York,3050,3025,340,0.23,0.270963867
5350400.07,Markham Village,Markham,Markham,York,3500,3425,440,0.27,0.369594036
5350400.08,Markham Village,Markham,Markham,York,3220,3060,810,0.44,0.543828721
5350400.11,Markham East,Markham,Markham,York,6380,5935,1540,0.52,0.478367417
5350400.12,Markham Village,Markham,Markham,York,6930,6620,1420,0.42,0.474753329
5350400.13,Markham East,Markham,Markham,York,6980,6375,1990,0.52,0.501586475
5350400.14,Markham East,Markham,Markham,York,6110,5605,1780,0.59,0.503107774
5350400.15,Markham Central East,Markham,Markham,York,4770,4555,560,0.28,0.37198345
5350400.16,Markham Central East,Markham,Markham,York,5370,5205,890,0.21,0.282730037
5350400.17,Markham East,Markham,Markham,York,4670,4370,1550,0.58,0.611031648
5350400.18,Markham East,Markham,Markham,York,2420,2415,870,0.58,0.644733051
5350400.19,Cornell,Markham,Markham,York,11440,11590,1920,0.32,0.378930206
5350400.2,Cornell,Markham,Markham,York,6220,5740,1350,0.42,0.451720459
5350400.21,Cornell,Markham,Markham,York,3000,3070,620,0.4,0.433650096
5350400.22,Cornell,Markham,Markham,York,10550,10350,2130,0.38,0.390628739
5350400.23,Markham East,Markham,Markham,York,11970,10615,3120,0.48,0.463104568
5350401.04,Milliken West,Markham,Markham,York,3300,3065,940,0.52,0.477710075
5350401.05,Milliken West,Markham,Markham,York,3680,3245,1210,0.42,0.590138001
5350401.06,Buttonville,Markham,Markham,York,6290,6050,1530,0.41,0.530169076
5350401.07,Unionville,Markham,Markham,York,4500,4145,930,0.32,0.457671945
5350401.08,Unionville,Markham,Markham,York,3290,3240,630,0.33,0.497404518
5350401.09,Buttonville,Markham,Markham,York,8230,7885,2020,0.4,0.529090771
5350401.1,Buttonville,Markham,Markham,York,5020,4510,1000,0.28,0.333449704
5350401.11,Milliken East,Markham,Markham,York,6590,6355,1680,0.58,0.508621743
5350401.13,Milliken East,Markham,Markham,York,7100,6835,2410,0.71,0.718305774
5350401.14,Unionville,Markham,Markham,York,7730,7405,1580,0.28,0.414873861
5350401.15,Unionville,Markham,Markham,York,2850,2755,580,0.56,0.581321501
5350401.17,Milliken West,Markham,Markham,York,3540,3335,1010,0.47,0.543447005
5350401.18,Markham Hagerman,Markham,Markham,York,8040,8630,2230,0.45,0.60167827
5350401.19,Milliken West,Markham,Markham,York,6630,6305,2240,0.68,0.667931307
5350401.2,Milliken East,Markham,Markham,York,4200,4110,1210,0.41,0.395021629
5350401.21,Milliken East,Markham,Markham,York,3090,2710,1000,0.43,0.445557369
5350401.22,Markham Hagerman,Markham,Markham,York,8870,8355,2450,0.54,0.569538631
5350401.23,Markham Hagerman,Markham,Markham,York,2060,1895,500,0.28,0.323859037
5350402.01,Markham West,Markham,Markham,York,2580,2435,380,0.24,0.316559792
5350402.02,Thornhill South,Markham,Markham,York,6170,5835,1970,0.46,0.71872424
5350402.03,Thornhill North,Markham,Markham,York,3090,3105,600,0.44,0.545031812
5350402.04,Markham West,Markham,Markham,York,5170,4960,850,0.31,0.428783023
5350402.05,Markham West,Markham,Markham,York,2110,1970,400,0.36,0.536585632
5350402.06,Thornhill South,Markham,Markham,York,6050,5910,1490,0.5,0.55475218
5350402.07,Thornhill North,Markham,Markham,York,2170,2035,380,0.43,0.473296545
5350402.08,Thornhill North,Markham,Markham,York,6180,5830,1130,0.44,0.551574847
5350402.09,Thornhill North,Markham,Markham,York,3850,3645,740,0.42,0.554808759
5350402.1,Markham West,Markham,Markham,York,4020,3885,710,0.22,0.29852222
5350402.12,Markham West,Markham,Markham,York,6940,6075,1920,0.39,0.521045431
5350402.13,Markham West,Markham,Markham,York,5080,4730,820,0.22,0.259585413
5350403.01,Markham Cathedral,Markham,Markham,York,7260,6935,1670,0.29,0.425494802
5350403.04,Markham Cathedral,Markham,Markham,York,4360,4145,860,0.27,0.320464304
5350403.05,Markham Cathedral,Markham,Markham,York,5350,4660,1120,0.31,0.458824684
5350403.07,Markham 16th,Markham,Markham,York,13400,12445,3320,0.42,0.474039575
5350403.09,Markham 16th,Markham,Markham,York,5230,4860,1250,0.48,0.567722851
5350403.1,Markham 16th,Markham,Markham,York,5790,5780,1330,0.43,0.529678391
5350403.11,Markham 16th,Markham,Markham,York,11920,10635,2810,0.36,0.386841748
5350403.12,Markham 16th,Markham,Markham,York,10840,9890,1910,0.34,0.367468525
5350403.13,Markham 16th,Markham,Markham,York,6710,6690,1140,0.45,0.455017885
5350403.14,Markham 16th,Markham,Markham,York,11650,11340,2750,0.41,0.460437494
5350403.15,Markham Cathedral,Markham,Markham,York,12870,12560,2500,0.32,0.381710048
5350403.16,Markham 16th,Markham,Markham,York,4140,4650,770,0.35,0.394621238
5350410.02,Concord-Vaughan,Vaughan,Vaughan,York,4530,4190,710,0.36,0.415700834
5350410.03,Concord-Vaughan,Vaughan,Vaughan,York,7390,6845,1240,0.34,0.429990027
5350410.04,Concord-Vaughan,Vaughan,Vaughan,York,4210,3740,670,0.36,0.446055584
5350410.05,Concord-Vaughan,Vaughan,Vaughan,York,6360,5940,880,0.22,0.31537802
5350410.07,Concord-Vaughan,Vaughan,Vaughan,York,3550,3440,520,0.46,0.435524151
5350410.09,Concord-Vaughan,Vaughan,Vaughan,York,5170,5090,1110,0.41,0.504020708
5350410.1,Concord-Vaughan,Vaughan,Vaughan,York,3860,3755,630,0.45,0.501187251
5350410.11,Concord-Vaughan,Vaughan,Vaughan,York,4450,3955,830,0.28,0.334595096
5350410.12,Concord-Vaughan,Vaughan,Vaughan,York,6920,7280,1760,0.5,0.591723776
5350410.13,Concord-Vaughan,Vaughan,Vaughan,York,7050,6430,910,0.29,0.331339014
5350410.14,Concord-Vaughan,Vaughan,Vaughan,York,5910,5655,920,0.29,0.331473269
5350410.15,South of Maple,Vaughan,Vaughan,York,1780,1785,310,0.4,0.38451469
5350411.01,South of Maple,Vaughan,Vaughan,York,5660,5325,950,0.41,0.452479555
5350411.04,Maple,Vaughan,Vaughan,York,5240,5230,620,0.41,0.349601326
5350411.07,Maple,Vaughan,Vaughan,York,4460,4205,530,0.36,0.365626318
5350411.08,South of Maple,Vaughan,Vaughan,York,8820,7470,2230,0.41,0.575889516
5350411.09,Around Maple,Vaughan,Vaughan,York,6680,6090,1000,0.37,0.344128477
5350411.12,Maple Teston,Vaughan,Vaughan,York,5670,5370,730,0.39,0.390907355
5350411.15,Maple,Vaughan,Vaughan,York,4330,4140,690,0.51,0.427277075
5350411.16,Around Maple,Vaughan,Vaughan,York,7400,7295,1140,0.29,0.345433308
5350411.17,Around Maple,Vaughan,Vaughan,York,11170,10135,2010,0.31,0.408149364
5350411.18,Around Maple,Vaughan,Vaughan,York,11790,11185,2000,0.32,0.349484444
5350411.19,Around Maple,Vaughan,Vaughan,York,10110,9980,1690,0.32,0.453162089
5350411.21,Maple,Vaughan,Vaughan,York,2570,2420,520,0.53,0.551437308
5350411.22,Maple,Vaughan,Vaughan,York,5230,5305,820,0.35,0.310060742
5350411.23,Maple,Vaughan,Vaughan,York,4760,4620,630,0.43,0.401541899
5350411.24,Maple Teston,Vaughan,Vaughan,York,8370,7360,2350,0.56,0.525153182
5350411.25,Maple Teston,Vaughan,Vaughan,York,3250,3325,660,0.57,0.553051359
5350411.26,Maple,Vaughan,Vaughan,York,5240,5275,620,0.29,0.275492291
5350411.27,Maple,Vaughan,Vaughan,York,4050,3945,480,0.18,0.188141598
5350411.28,Around Maple,Vaughan,Vaughan,York,5500,4985,800,0.29,0.377141365
5350411.29,Around Maple,Vaughan,Vaughan,York,5500,5790,960,0.33,0.456346355
5350411.3,Around Maple,Vaughan,Vaughan,York,7890,6985,1140,0.31,0.340328497
5350412.01,Woodbridge South East,Vaughan,Vaughan,York,7310,7280,1030,0.44,0.407376352
5350412.02,Woodbridge South West,Vaughan,Vaughan,York,10200,10260,1650,0.5,0.421055599
5350412.04,Woodbridge East,Vaughan,Vaughan,York,4800,4280,560,0.27,0.196714089
5350412.06,Woodbridge East,Vaughan,Vaughan,York,3420,3295,400,0.48,0.380391275
5350412.08,Woodbridge South West,Vaughan,Vaughan,York,2480,2540,300,0.48,0.404655887
5350412.1,Woodbridge South West,Vaughan,Vaughan,York,6220,5690,960,0.56,0.469993917
5350412.11,Woodbridge West,Vaughan,Vaughan,York,4550,4440,510,0.37,0.351104013
5350412.12,Woodbridge East,Vaughan,Vaughan,York,4120,3920,670,0.43,0.409278782
5350412.13,Woodbridge East,Vaughan,Vaughan,York,5200,5130,560,0.39,0.32915834
5350412.14,Woodbridge Centre,Vaughan,Vaughan,York,3200,3250,230,0.04,0.084226442
5350412.15,Woodbridge Centre,Vaughan,Vaughan,York,5540,5690,510,0.34,0.345831836
5350412.18,Woodbridge North,Vaughan,Vaughan,York,7290,7090,670,0.27,0.293928954
5350412.19,Woodbridge North,Vaughan,Vaughan,York,8750,9255,870,0.33,0.262101923
5350412.2,Woodbridge North,Vaughan,Vaughan,York,6280,5530,690,0.25,0.181868983
5350412.21,Woodbridge North,Vaughan,Vaughan,York,,,,,
5350412.22,Woodbridge North,Vaughan,Vaughan,York,9090,8910,1240,0.41,0.380549424
5350412.24,Woodbridge North,Vaughan,Vaughan,York,9090,8730,1490,0.4,0.347130393
5350412.25,Woodbridge North,Vaughan,Vaughan,York,5240,5470,830,0.4,0.364504482
5350412.26,Woodbridge North,Vaughan,Vaughan,York,6920,6015,1110,0.45,0.397451776
5350413.01,Kleinburg,Vaughan,Vaughan,York,19230,16595,2660,0.3,0.335643363
5350413.02,Kleinburg,Vaughan,Vaughan,York,16410,15155,2830,0.38,0.382889916
5350420.03,Richmond Hill C,Richmond Hill,Richmond Hill,York,7550,7040,1980,0.48,0.586135699
5350420.05,Richmond Hill Doncrest,Richmond Hill,Richmond Hill,York,8440,7995,2090,0.41,0.538462136
5350420.06,Richmond Hill Doncrest,Richmond Hill,Richmond Hill,York,5170,4975,1110,0.3,0.39706352
5350420.08,Richmond Hill C,Richmond Hill,Richmond Hill,York,4370,4455,1110,0.56,0.61954604
5350420.09,Richmond Hill C,Richmond Hill,Richmond Hill,York,4820,4805,1410,0.47,0.512560351
5350420.1,Richmond Hill Doncrest,Richmond Hill,Richmond Hill,York,3950,3660,970,0.29,0.408323613
5350420.11,Richmond Hill Doncrest,Richmond Hill,Richmond Hill,York,6160,5915,1400,0.27,0.419923115
5350420.13,Richmond Hill B,Richmond Hill,Richmond Hill,York,6590,6205,1640,0.42,0.547246108
5350420.14,Richmond Hill B,Richmond Hill,Richmond Hill,York,8580,8655,2250,0.42,0.56379658
5350420.15,Richmond Hill B,Richmond Hill,Richmond Hill,York,2470,2330,590,0.41,0.589783181
5350421.01,Richmond Hill Richvale,Richmond Hill,Richmond Hill,York,8000,7210,1830,0.41,0.565239516
5350421.04,Richmond Hill Richvale,Richmond Hill,Richmond Hill,York,3680,3715,750,0.47,0.482889173
5350421.05,Richmond Hill Richvale,Richmond Hill,Richmond Hill,York,3520,3405,590,0.36,0.398665257
5350421.06,Richmond Hill Richvale,Richmond Hill,Richmond Hill,York,4510,4295,1150,0.43,0.503832661
5350421.07,Richmond Hill Richvale,Richmond Hill,Richmond Hill,York,4110,4015,830,0.37,0.453506917
5350422.02,Richmond Hill North East,Richmond Hill,Richmond Hill,York,5900,5845,1820,0.53,0.640447849
5350422.03,Richmond Hill East,Richmond Hill,Richmond Hill,York,7110,6805,1470,0.34,0.461004775
5350422.04,Richmond Hill East,Richmond Hill,Richmond Hill,York,3490,3760,790,0.31,0.416776483
5350422.05,Richmond Hill East,Richmond Hill,Richmond Hill,York,7560,6730,1730,0.4,0.514530461
5350422.06,Richmond Hill East,Richmond Hill,Richmond Hill,York,5590,5360,1870,0.53,0.597560867
5350423.01,Richmond Hill North West,Richmond Hill,Richmond Hill,York,3600,3740,640,0.36,0.46436645
5350423.02,Richmond Hill North West,Richmond Hill,Richmond Hill,York,8230,7750,1620,0.39,0.526765914
5350424.04,Richmond Hill North East,Richmond Hill,Richmond Hill,York,2650,2545,550,0.46,0.497601518
5350424.05,Richmond Hill North East,Richmond Hill,Richmond Hill,York,8700,8855,2130,0.46,0.547593538
5350424.07,Richmond Hill North West,Richmond Hill,Richmond Hill,York,9280,8305,1940,0.46,0.517362336
5350424.08,Richmond Hill North West,Richmond Hill,Richmond Hill,York,7090,7010,1380,0.39,0.415081854
5350424.09,Richmond Hill Bathurst,Richmond Hill,Richmond Hill,York,5260,4645,1080,0.44,0.517410795
5350424.1,Richmond Hill Bathurst,Richmond Hill,Richmond Hill,York,6320,6440,900,0.38,0.436291966
5350424.11,Richmond Hill Bathurst,Richmond Hill,Richmond Hill,York,9340,8860,1910,0.37,0.495720598
5350424.13,The Hill,Richmond Hill,Richmond Hill,York,5530,4555,1270,0.3,0.459642688
5350424.14,The Hill,Richmond Hill,Richmond Hill,York,13880,13155,2450,0.36,0.395461916
5350424.15,The Hill,Richmond Hill,Richmond Hill,York,10160,9955,2190,0.32,0.435715582
5350424.16,The Hill,Richmond Hill,Richmond Hill,York,9340,9010,2030,0.45,0.518737187
5350430.03,Stouffville,Whitchurch-Stouffville,Whitchurch-Stouffville,York,5800,6000,590,0.37,0.388911538
5350430.05,Stouffville,Whitchurch-Stouffville,Whitchurch-Stouffville,York,7620,7490,910,0.31,0.352460736
5350430.06,Stouffville,Whitchurch-Stouffville,Whitchurch-Stouffville,York,8570,7365,1200,0.25,0.224085762
5350430.07,Ballantrae-Stouffville,Whitchurch-Stouffville,Whitchurch-Stouffville,York,10670,10270,1340,0.33,0.357671777
5350430.08,Ballantrae-Stouffville,Whitchurch-Stouffville,Whitchurch-Stouffville,York,5910,5990,780,0.39,0.420775007
5350431.01,Ballantrae-Stouffville,Whitchurch-Stouffville,Whitchurch-Stouffville,York,6420,6535,770,0.27,0.355095172
5350431.02,Ballantrae-Stouffville,Whitchurch-Stouffville,Whitchurch-Stouffville,York,6580,6210,1000,0.27,0.463396584
5350440,Aurora South East,Aurora,Aurora,York,7670,7725,1100,0.33,0.453910452
5350441.02,Aurora Centre South West,Aurora,Aurora,York,4230,4355,740,0.37,0.49962306
5350441.03,Aurora Centre South West,Aurora,Aurora,York,7400,7225,1090,0.32,0.41404388
5350441.04,Aurora South West,Aurora,Aurora,York,6310,5750,760,0.25,0.343426916
5350442.02,Aurora Centre West,Aurora,Aurora,York,4300,4325,820,0.43,0.484518466
5350442.03,Aurora North West,Aurora,Aurora,York,5180,5110,590,0.19,0.351558919
5350442.04,Aurora Centre North,Aurora,Aurora,York,3700,3680,440,0.31,0.375703293
5350442.05,Aurora Centre North,Aurora,Aurora,York,7250,7175,890,0.35,0.384059628
5350442.06,Aurora Centre North,Aurora,Aurora,York,17360,16705,3130,0.32,0.389534038
5350450.02,Newmarket Military,Newmarket,Newmarket,York,2800,3180,540,0.47,0.464949125
5350450.03,Newmarket College Manor,Newmarket,Newmarket,York,8280,8385,1200,0.34,0.389210661
5350450.05,Newmarket Stonehaven,Newmarket,Newmarket,York,6080,6190,930,0.32,0.336580144
5350450.06,Newmarket Stonehaven,Newmarket,Newmarket,York,9250,8330,1580,0.3,0.387486431
5350451.01,Newmarket Quaker Hill/Haskett Park,Newmarket,Newmarket,York,2100,2235,370,0.36,0.359815583
5350451.02,Newmarket Quaker Hill/Haskett Park,Newmarket,Newmarket,York,4960,5335,860,0.44,0.517688237
5350451.03,Newmarket Armitage,Newmarket,Newmarket,York,7130,6810,1170,0.39,0.422027632
5350451.05,Newmarket Clearmeadow/Glenway,Newmarket,Newmarket,York,7370,6080,1170,0.34,0.369866937
5350451.06,Newmarket Clearmeadow/Glenway,Newmarket,Newmarket,York,6940,6700,960,0.31,0.355452575
5350451.07,Newmarket Clearmeadow/Glenway,Newmarket,Newmarket,York,5380,4925,780,0.22,0.213994057
5350452.01,Newmarket Leslie Valley,Newmarket,Newmarket,York,2990,3175,460,0.39,0.364102681
5350452.02,East Gwillimbury Heights,Newmarket,Newmarket,York,4670,5020,960,0.52,0.520071743
5350452.03,Newmarket Leslie Valley,Newmarket,Newmarket,York,5330,5280,860,0.39,0.464060279
5350452.05,Newmarket North West,Newmarket,Newmarket,York,6460,6410,1190,0.4,0.417132565
5350452.06,Newmarket North West,Newmarket,Newmarket,York,5110,4570,930,0.34,0.312514118
5350452.07,Newmarket North West,Newmarket,Newmarket,York,5460,5310,600,0.31,0.327516704
5350455,Mount Albert,East Gwillimbury,East Gwillimbury,York,8150,9010,940,0.31,0.3355624
5350456.01,Queensville-Sharon-HL,East Gwillimbury,East Gwillimbury,York,14510,11530,2550,0.35,0.441058201
5350456.02,Queensville-Sharon-HL,East Gwillimbury,East Gwillimbury,York,11420,10105,1880,0.41,0.454362887
5350456.03,Queensville-Sharon-HL,East Gwillimbury,East Gwillimbury,York,3710,4000,440,0.32,0.394643187
5350460.01,King City,King,King,York,10150,8660,1310,0.26,0.358612044
5350460.02,King City,King,King,York,1140,3505,160,0.23,0.337970754
5350461.01,Nobleton,King,King,York,8020,7215,820,0.29,0.341924554
5350461.02,Nobleton,King,King,York,7680,7960,1040,0.27,0.358610463
5350470,Pefferlaw,Georgina,Georgina,York,580,2950,50,0.36,0.333086214
5350471,Pefferlaw,Georgina,Georgina,York,5120,3285,690,0.37,0.414812211
5350472,Ravenshoe West,Georgina,Georgina,York,8730,8350,1370,0.48,0.418630843
5350473.01,Keswick East,Georgina,Georgina,York,6970,6540,960,0.4,0.41542711
5350473.02,Keswick South,Georgina,Georgina,York,6850,6900,1100,0.48,0.47619033
5350473.03,Keswick West,Georgina,Georgina,York,5110,3615,800,0.44,0.436028642
5350474,Roches Point,Georgina,Georgina,York,4120,5915,570,0.42,0.415737775
5350475,Sutton,Georgina,Georgina,York,10090,7725,1740,0.41,0.416776154
5350476.02,Pefferlaw,Georgina,Georgina,York,,2370,,0.24,0.29512324
5350500.01,Lakeview,Mississauga East,Mississauga,Peel,3600,3680,870,0.45,0.43959688
5350500.02,Lakeview,Mississauga East,Mississauga,Peel,4990,4780,1110,0.58,0.522197571
5350501.01,Southdown,Mississauga West,Mississauga,Peel,5640,5720,700,0.28,0.353918345
5350501.02,Clarkson,Mississauga West,Mississauga,Peel,7030,7120,910,0.29,0.401973395
5350502.01,Clarkson,Mississauga West,Mississauga,Peel,5800,5645,710,0.34,0.324710998
5350502.02,Clarkson,Mississauga West,Mississauga,Peel,2390,2535,320,0.44,0.405889251
5350503,Clarkson,Mississauga West,Mississauga,Peel,5000,4945,950,0.48,0.446148752
5350504,Clarkson,Mississauga West,Mississauga,Peel,3500,3415,420,0.37,0.331349039
5350505.01,Clarkson,Mississauga West,Mississauga,Peel,4680,4475,430,0.14,0.144685537
5350505.02,Clarkson,Mississauga West,Mississauga,Peel,5730,5660,700,0.06,0.215408082
5350506,Mineola NHD,Mississauga East,Mississauga,Peel,2580,2610,200,0,0.113103592
5350507,Mineola NHD,Mississauga East,Mississauga,Peel,3790,3705,510,0.27,0.371385223
5350508,Mineola NHD,Mississauga East,Mississauga,Peel,3830,3530,490,0.38,0.417793576
5350509.01,Orchard Heights,Mississauga East,Mississauga,Peel,5070,5120,660,0.34,0.348187711
5350509.02,Orchard Heights,Mississauga East,Mississauga,Peel,3120,3420,310,0.2,0.215847736
5350510,Dixie EA,Mississauga East,Mississauga,Peel,5600,5390,540,0.46,0.453115076
5350511.01,DT Hospital,Mississauga East,Mississauga,Peel,5970,6090,1680,0.56,0.584265429
5350511.02,DT Hospital,Mississauga East,Mississauga,Peel,4870,4795,950,0.53,0.521914728
5350512,DT Hospital,Mississauga East,Mississauga,Peel,6320,6055,1730,0.47,0.553683231
5350513.01,Erindale NHD,Mississauga West,Mississauga,Peel,6880,6780,980,0.23,0.274521159
5350513.02,Cooksville NHD (West),Mississauga East,Mississauga,Peel,6440,6215,1790,0.55,0.532716869
5350513.03,Cooksville NHD (West),Mississauga East,Mississauga,Peel,2990,3300,680,0.41,0.484604944
5350513.04,Cooksville NHD (West),Mississauga East,Mississauga,Peel,3820,3665,640,0.37,0.389083289
5350514.01,Sheridan NHD,Mississauga West,Mississauga,Peel,2450,2355,380,0.2,0.301339367
5350514.02,Sheridan NHD,Mississauga West,Mississauga,Peel,5610,5460,1530,0.55,0.593064458
5350515.01,Sheridan NHD,Mississauga West,Mississauga,Peel,4500,4185,740,0.31,0.361091018
5350515.02,Sheridan NHD,Mississauga West,Mississauga,Peel,3600,3770,590,0.42,0.411501253
5350516.01,Meadowvale NHD,Mississauga West,Mississauga,Peel,5540,5390,740,0.3,0.351502121
5350516.02,Meadowvale NHD,Mississauga West,Mississauga,Peel,4960,4750,700,0.24,0.244104167
5350516.03,Meadowvale NHD,Mississauga West,Mississauga,Peel,5790,5630,770,0.3,0.30429864
5350516.04,Meadowvale NHD,Mississauga West,Mississauga,Peel,6380,6260,1110,0.42,0.478546736
5350516.05,Meadowvale NHD,Mississauga West,Mississauga,Peel,6360,6210,1030,0.42,0.444214719
5350516.06,Meadowvale NHD,Mississauga West,Mississauga,Peel,4570,4780,710,0.38,0.37944252
5350516.08,Erin Mills NHD,Mississauga West,Mississauga,Peel,6220,6220,1240,0.41,0.396656519
5350516.09,Erin Mills NHD,Mississauga West,Mississauga,Peel,7260,6900,1290,0.41,0.393909698
5350516.11,Erin Mills NHD,Mississauga West,Mississauga,Peel,4530,4700,550,0.21,0.254836527
5350516.16,Erin Mills NHD,Mississauga West,Mississauga,Peel,5120,5135,930,0.39,0.416248453
5350516.17,Erin Mills NHD,Mississauga West,Mississauga,Peel,3490,3405,630,0.35,0.390803232
5350516.18,Erin Mills NHD,Mississauga West,Mississauga,Peel,3480,3425,390,0.28,0.350445149
5350516.2,Meadowvale NHD,Mississauga West,Mississauga,Peel,6470,6100,850,0.34,0.333843192
5350516.21,Lisgar NHD,Mississauga West,Mississauga,Peel,2990,2900,410,0.4,0.336561059
5350516.22,Lisgar NHD,Mississauga West,Mississauga,Peel,7300,6830,920,0.34,0.374328052
5350516.23,Lisgar NHD,Mississauga West,Mississauga,Peel,5370,5540,820,0.32,0.375389379
5350516.24,Erin Mills NHD,Mississauga West,Mississauga,Peel,4180,3955,550,0.26,0.202481023
5350516.25,Western Business Park,Mississauga West,Mississauga,Peel,3980,3745,780,0.36,0.384381013
5350516.26,Erin Mills NHD,Mississauga West,Mississauga,Peel,7050,6580,1440,0.45,0.406530929
5350516.28,Central Erin Mills NHD,Mississauga West,Mississauga,Peel,4810,4570,870,0.32,0.371445443
5350516.29,Central Erin Mills NHD,Mississauga West,Mississauga,Peel,5000,4695,1200,0.28,0.376030882
5350516.3,Central Erin Mills NHD,Mississauga West,Mississauga,Peel,6080,5955,1020,0.28,0.421900505
5350516.31,Central Erin Mills NHD,Mississauga West,Mississauga,Peel,2990,2715,470,0.25,0.332065176
5350516.32,Lisgar NHD,Mississauga West,Mississauga,Peel,5230,4970,810,0.17,0.187170076
5350516.37,Central Erin Mills NHD,Mississauga West,Mississauga,Peel,9880,9290,2270,0.37,0.517208108
5350516.38,Churchill Meadows NHD,Mississauga West,Mississauga,Peel,6980,6490,1620,0.36,0.428192025
5350516.39,Meadowvale Business Park,Mississauga West,Mississauga,Peel,5240,5085,900,0.33,0.321495556
5350516.4,Lisgar NHD,Mississauga West,Mississauga,Peel,6810,6305,1020,0.33,0.374207681
5350516.41,Churchill Meadows NHD,Mississauga West,Mississauga,Peel,6070,5725,1340,0.38,0.445225249
5350516.43,Central Erin Mills NHD,Mississauga West,Mississauga,Peel,6170,3930,2420,0.43,0.62039304
5350516.44,Central Erin Mills NHD,Mississauga West,Mississauga,Peel,5340,5240,1050,0.3,0.454621718
5350516.47,Churchill Meadows NHD,Mississauga West,Mississauga,Peel,5490,5085,1100,0.41,0.450985455
5350516.48,Churchill Meadows NHD,Mississauga West,Mississauga,Peel,7170,6540,1920,0.46,0.514166368
5350516.5,Churchill Meadows NHD,Mississauga West,Mississauga,Peel,4460,3935,900,0.3,0.325193572
5350516.51,Churchill Meadows NHD,Mississauga West,Mississauga,Peel,4770,4540,930,0.38,0.481527011
5350516.52,Churchill Meadows NHD,Mississauga West,Mississauga,Peel,5810,4700,1200,0.37,0.372975177
5350516.53,Churchill Meadows NHD,Mississauga West,Mississauga,Peel,2260,2655,430,0.21,0.188700501
5350516.54,Churchill Meadows NHD,Mississauga West,Mississauga,Peel,4750,4520,1110,0.37,0.438001805
5350516.55,Churchill Meadows NHD,Mississauga West,Mississauga,Peel,4720,4670,1060,0.39,0.350225934
5350517,Erindale NHD,Mississauga West,Mississauga,Peel,1750,1710,310,0.4,0.497578899
5350518,Erindale NHD,Mississauga West,Mississauga,Peel,4430,4330,1220,0.54,0.563073347
5350519,Erindale NHD,Mississauga West,Mississauga,Peel,4160,3975,890,0.41,0.432604893
5350520.01,Mavis-Erindale,Mississauga West,Mississauga,Peel,5460,5180,1210,0.47,0.453049041
5350520.02,Fairview NHD,Mississauga East,Mississauga,Peel,7830,7510,1940,0.44,0.500766417
5350520.05,Fairview NHD,Mississauga East,Mississauga,Peel,3440,3580,730,0.51,0.46061773
5350520.07,DT Cooksville,Mississauga East,Mississauga,Peel,5160,4930,1340,0.5,0.591310633
5350520.08,Cooksville NHD (West),Mississauga East,Mississauga,Peel,6390,6090,1440,0.41,0.406507741
5350520.09,DT Core,Mississauga East,Mississauga,Peel,7460,7165,1770,0.36,0.456503094
5350520.11,Fairview NHD,Mississauga East,Mississauga,Peel,5070,4855,1190,0.38,0.442047344
5350520.12,DT Core,Mississauga East,Mississauga,Peel,4910,5010,1570,0.43,0.539931117
5350521.01,DT Fairview,Mississauga East,Mississauga,Peel,5840,5505,1290,0.41,0.507218747
5350521.02,Mississauga Valleys NHD,Mississauga East,Mississauga,Peel,3600,3405,650,0.36,0.390596504
5350521.03,DT Fairview,Mississauga East,Mississauga,Peel,5010,4785,1030,0.51,0.463371985
5350521.04,Mississauga Valleys NHD,Mississauga East,Mississauga,Peel,6700,6540,1260,0.51,0.499494182
5350521.05,Cooksville NHD (East),Mississauga East,Mississauga,Peel,4980,4250,1530,0.49,0.604411275
5350521.06,Mississauga Valleys NHD,Mississauga East,Mississauga,Peel,5810,5540,1800,0.51,0.546258518
5350522,Applewood NHD,Mississauga East,Mississauga,Peel,6460,6035,1300,0.47,0.414652504
5350523,Applewood NHD,Mississauga East,Mississauga,Peel,6160,6085,1460,0.55,0.497691074
5350524.01,Applewood NHD,Mississauga East,Mississauga,Peel,4850,4660,930,0.38,0.371318376
5350524.02,Applewood NHD,Mississauga East,Mississauga,Peel,3630,3570,800,0.51,0.524768674
5350525.01,Applewood NHD,Mississauga East,Mississauga,Peel,3360,3275,820,0.5,0.457931442
5350525.02,Applewood NHD,Mississauga East,Mississauga,Peel,4420,4210,1260,0.58,0.550289247
5350526.01,Applewood NHD,Mississauga East,Mississauga,Peel,5990,5810,1620,0.62,0.498959027
5350526.02,Applewood NHD,Mississauga East,Mississauga,Peel,3560,3500,950,0.6,0.599859444
5350527.02,Rathwood NHD,Mississauga East,Mississauga,Peel,4960,4905,860,0.36,0.28004489
5350527.04,Rathwood NHD,Mississauga East,Mississauga,Peel,5760,5615,820,0.25,0.281549772
5350527.05,Rathwood NHD,Mississauga East,Mississauga,Peel,5500,5370,870,0.37,0.361118998
5350527.06,Rathwood NHD,Mississauga East,Mississauga,Peel,3920,3605,700,0.41,0.352860047
5350527.07,Rathwood NHD,Mississauga East,Mississauga,Peel,5070,4775,1070,0.49,0.399649398
5350527.08,Creditview NHD,Mississauga West,Mississauga,Peel,4380,4070,880,0.45,0.495900477
5350527.09,Creditview NHD,Mississauga West,Mississauga,Peel,3520,3310,770,0.41,0.442808805
5350527.1,DT Core,Mississauga East,Mississauga,Peel,5230,4660,1340,0.38,0.491626061
5350527.11,Creditview NHD,Mississauga West,Mississauga,Peel,10190,10055,2620,0.4,0.496240525
5350527.12,Rathwood NHD,Mississauga East,Mississauga,Peel,4880,4670,1070,0.48,0.407917642
5350527.13,DT Core,Mississauga East,Mississauga,Peel,3990,4060,980,0.37,0.452150045
5350528.01,East Credit NHD,Mississauga West,Mississauga,Peel,5990,5535,1220,0.39,0.42505445
5350528.11,Uptown MN,Mississauga East,Mississauga,Peel,5340,5230,1290,0.45,0.51414801
5350528.12,East Credit NHD,Mississauga West,Mississauga,Peel,5870,5475,1100,0.34,0.395448187
5350528.13,East Credit NHD,Mississauga West,Mississauga,Peel,3550,3395,590,0.2,0.25700324
5350528.15,East Credit NHD,Mississauga West,Mississauga,Peel,4690,4190,1060,0.35,0.394829082
5350528.16,East Credit NHD,Mississauga West,Mississauga,Peel,5300,5080,1140,0.39,0.437469771
5350528.18,Hurontario NHD,Mississauga East,Mississauga,Peel,6880,6630,1260,0.31,0.338075186
5350528.19,Hurontario NHD,Mississauga East,Mississauga,Peel,5740,5065,1200,0.41,0.417010455
5350528.2,PARKWAY BELT,Brampton West,Brampton,Peel,6540,5725,1640,0.53,0.477257222
5350528.21,FLETCHER'S CREEK SOUTH,Brampton West,Brampton,Peel,5450,4780,1800,0.53,0.628367258
5350528.22,FLETCHER'S CREEK SOUTH,Brampton West,Brampton,Peel,7730,6330,2440,0.46,0.565114908
5350528.24,Gateway EA (West),Mississauga East,Mississauga,Peel,5530,4985,1170,0.42,0.424384139
5350528.26,Hurontario NHD,Mississauga East,Mississauga,Peel,7000,6805,1870,0.46,0.510199585
5350528.31,FLETCHER'S CREEK SOUTH,Brampton West,Brampton,Peel,7790,6445,2450,0.57,0.741131354
5350528.32,East Credit NHD,Mississauga West,Mississauga,Peel,4490,4085,870,0.17,0.208947895
5350528.33,Streetsville NHD,Mississauga West,Mississauga,Peel,6820,6225,1230,0.28,0.33495252
5350528.34,Gateway,Mississauga East,Mississauga,Peel,6340,5810,1100,0.31,0.339594819
5350528.35,Northeast EA (West),Mississauga East,Mississauga,Peel,3730,3060,790,0.41,0.340551941
5350528.39,Meadowvale Business Park,Mississauga West,Mississauga,Peel,7140,6830,950,0.2,0.217773521
5350528.4,Meadowvale Village NHD,Mississauga West,Mississauga,Peel,6780,6070,1120,0.27,0.318653713
5350528.42,East Credit NHD,Mississauga West,Mississauga,Peel,5770,5315,1250,0.39,0.41247702
5350528.43,East Credit NHD,Mississauga West,Mississauga,Peel,5410,4975,1090,0.36,0.349911638
5350528.44,Hurontario NHD,Mississauga East,Mississauga,Peel,2090,1890,270,0.25,0.29141658
5350528.45,Hurontario NHD,Mississauga East,Mississauga,Peel,5850,5455,1570,0.41,0.401995085
5350528.46,East Credit NHD,Mississauga West,Mississauga,Peel,7530,6860,1670,0.36,0.414427823
5350528.47,East Credit NHD,Mississauga West,Mississauga,Peel,5230,5040,1110,0.43,0.43393665
5350528.49,Meadowvale Village NHD,Mississauga West,Mississauga,Peel,4970,4740,750,0.26,0.316612351
5350528.5,FLETCHER'S CREEK SOUTH,Brampton West,Brampton,Peel,4200,3385,1350,0.36,0.532309675
5350528.51,FLETCHER'S CREEK SOUTH,Brampton West,Brampton,Peel,5760,4420,1790,0.41,0.509367505
5350528.52,BRAM WEST,Brampton West,Brampton,Peel,8010,6490,1790,0.37,0.451553868
5350528.53,BRAM WEST,Brampton West,Brampton,Peel,2670,2555,440,0.14,0.11193044
5350528.54,Gateway EA (West),Mississauga East,Mississauga,Peel,3700,2935,860,0.28,0.192675633
5350528.55,Meadowvale Village NHD,Mississauga West,Mississauga,Peel,5590,4760,1230,0.3,0.251520577
5350528.56,East Credit NHD,Mississauga West,Mississauga,Peel,3490,3455,760,0.39,0.335001458
5350528.57,East Credit NHD,Mississauga West,Mississauga,Peel,4690,4100,1070,0.33,0.344410996
5350528.58,Hurontario NHD,Mississauga East,Mississauga,Peel,4600,4075,1020,0.4,0.291457789
5350528.59,Hurontario NHD,Mississauga East,Mississauga,Peel,4720,4225,1150,0.44,0.381613402
5350528.6,Hurontario NHD,Mississauga East,Mississauga,Peel,3950,3625,900,0.39,0.450579809
5350528.61,Hurontario NHD,Mississauga East,Mississauga,Peel,4720,4025,1110,0.38,0.393594574
5350528.62,Northeast (East),Mississauga East,Mississauga,Peel,2180,1780,740,0.53,0.541826457
5350528.63,Gateway,Mississauga East,Mississauga,Peel,6790,5945,1440,0.33,0.312849417
5350529.01,Malton NHD,Mississauga East,Mississauga,Peel,4830,4100,1630,0.45,0.672234185
5350529.02,Malton NHD,Mississauga East,Mississauga,Peel,5640,4675,2000,0.57,0.658989056
5350530.01,Malton NHD,Mississauga East,Mississauga,Peel,6170,5215,2120,0.71,0.619241382
5350530.02,Malton NHD,Mississauga East,Mississauga,Peel,3530,3115,1200,0.55,0.528972866
5350531.01,Malton NHD,Mississauga East,Mississauga,Peel,4800,4105,1480,0.66,0.612386263
5350531.02,Malton NHD,Mississauga East,Mississauga,Peel,7450,6405,1980,0.51,0.572002468
5350532.01,Malton NHD,Mississauga East,Mississauga,Peel,5280,4320,1620,0.41,0.548823147
5350532.02,Malton NHD,Mississauga East,Mississauga,Peel,5430,4510,1740,0.56,0.652761964
5350540.01,Port Credit NHD (West),Mississauga East,Mississauga,Peel,4780,4850,890,0.45,0.521052191
5350540.02,Port Credit NHD (East),Mississauga East,Mississauga,Peel,5160,5660,770,0.36,0.386356268
5350550.01,Meadowvale Business Park,Mississauga West,Mississauga,Peel,5100,4675,710,0.21,0.270703187
5350550.02,Streetsville NHD,Mississauga West,Mississauga,Peel,7660,7555,1300,0.4,0.448116613
5350560,AIRPORT INTERMODAL AREA,Brampton East,Brampton,Peel,7280,6485,1840,0.51,0.471949065
5350561,HIGHWAY 410 AND STEELES,Brampton West,Brampton,Peel,7560,6820,1980,0.54,0.504281006
5350562.02,BRAMALEA,Brampton East,Brampton,Peel,7130,6520,1310,0.43,0.455932035
5350562.03,BRAMALEA,Brampton East,Brampton,Peel,5540,5070,1140,0.47,0.440866054
5350562.04,BRAMALEA,Brampton East,Brampton,Peel,5130,4830,1090,0.44,0.437296036
5350562.05,BRAMALEA,Brampton East,Brampton,Peel,6130,5930,1290,0.53,0.459219375
5350562.06,BRAMALEA,Brampton East,Brampton,Peel,3480,3055,680,0.35,0.319654015
5350562.07,BRAMALEA,Brampton East,Brampton,Peel,5090,4600,1150,0.47,0.424022367
5350562.08,BRAMALEA,Brampton East,Brampton,Peel,4630,4200,870,0.5,0.448883197
5350562.09,BRAMALEA,Brampton East,Brampton,Peel,4380,4025,860,0.32,0.29314972
5350562.11,BRAMALEA,Brampton East,Brampton,Peel,3360,3110,680,0.41,0.329117764
5350562.12,QUEEN STREET CORRIDOR,Brampton East,Brampton,Peel,7100,7160,1690,0.54,0.552203736
5350562.13,HIGHWAY 410 AND STEELES,Brampton West,Brampton,Peel,1340,1190,250,0.21,0.203574686
5350562.14,BRAMALEA,Brampton East,Brampton,Peel,4410,3890,980,0.46,0.465112762
5350562.15,BRAMALEA,Brampton East,Brampton,Peel,4010,3620,890,0.54,0.54007401
5350563.01,QUEEN STREET CORRIDOR,Brampton East,Brampton,Peel,6990,6625,2250,0.59,0.573629177
5350563.02,BRAMALEA,Brampton East,Brampton,Peel,3470,3395,720,0.42,0.375221202
5350564.01,BRAMALEA,Brampton East,Brampton,Peel,2760,2355,640,0.37,0.418432736
5350564.02,BRAMALEA,Brampton East,Brampton,Peel,5560,4890,1530,0.55,0.455530428
5350570.01,HIGHWAY 410 AND STEELES,Brampton West,Brampton,Peel,4360,4010,1300,0.61,0.594224629
5350570.02,BRAMPTON FLOWERTOWN,Brampton West,Brampton,Peel,4070,4200,620,0.27,0.296125586
5350571.01,BRAMPTON FLOWERTOWN,Brampton West,Brampton,Peel,3990,3840,1050,0.71,0.595871191
5350571.02,BRAMPTON FLOWERTOWN,Brampton West,Brampton,Peel,4450,4305,900,0.52,0.493968087
5350572.01,BRAMPTON FLOWERTOWN,Brampton West,Brampton,Peel,7740,7710,1960,0.46,0.483055919
5350572.04,BRAMPTON FLOWERTOWN,Brampton West,Brampton,Peel,3710,3390,970,0.42,0.526594583
5350572.05,HURONTARIO-MAIN CORRIDOR,Brampton West,Brampton,Peel,6470,6290,1740,0.51,0.568957583
5350572.07,BRAMPTON FLOWERTOWN,Brampton West,Brampton,Peel,5640,4650,1550,0.32,0.423640629
5350572.08,BRAMPTON FLOWERTOWN,Brampton West,Brampton,Peel,7300,5665,2430,0.43,0.688443437
5350572.09,BRAMPTON FLOWERTOWN,Brampton West,Brampton,Peel,5070,4675,1140,0.47,0.424189168
5350572.1,BRAMPTON FLOWERTOWN,Brampton West,Brampton,Peel,4510,3570,1030,0.43,0.43773641
5350573.03,BRAMPTON FLOWERTOWN,Brampton West,Brampton,Peel,7030,6410,1800,0.47,0.418209115
5350573.05,BRAMPTON FLOWERTOWN,Brampton West,Brampton,Peel,6890,5980,1780,0.44,0.48519226
5350573.06,BRAMPTON FLOWERTOWN,Brampton West,Brampton,Peel,6100,4610,1070,0.44,0.370245956
5350573.07,BRAMPTON FLOWERTOWN,Brampton West,Brampton,Peel,6540,6130,1660,0.51,0.525107119
5350573.09,BRAMPTON FLOWERTOWN,Brampton West,Brampton,Peel,7100,6085,1830,0.46,0.487652317
5350573.1,FLETCHER'S CREEK VILLAGE,Brampton West,Brampton,Peel,2340,3165,490,0.42,0.442911633
5350573.11,FLETCHER'S CREEK VILLAGE,Brampton West,Brampton,Peel,6180,4945,1460,0.39,0.469485048
5350574,DOWNTOWN BRAMPTON,Brampton West,Brampton,Peel,6730,6645,1520,0.46,0.467634447
5350575.01,BRAMPTON FLOWERTOWN,Brampton West,Brampton,Peel,6490,5985,1630,0.55,0.551204613
5350575.02,BRAMPTON FLOWERTOWN,Brampton West,Brampton,Peel,4870,4910,1350,0.58,0.588017025
5350575.03,BRAMPTON FLOWERTOWN,Brampton West,Brampton,Peel,7200,6595,1820,0.5,0.514307218
5350575.04,BRAMPTON FLOWERTOWN,Brampton West,Brampton,Peel,7150,6560,1610,0.47,0.475532221
5350575.05,BRAMPTON FLOWERTOWN,Brampton West,Brampton,Peel,7650,6955,1520,0.49,0.422319753
5350575.07,BRAMPTON FLOWERTOWN,Brampton West,Brampton,Peel,5350,3965,1140,0.35,0.346433537
5350575.08,BRAMPTON FLOWERTOWN,Brampton West,Brampton,Peel,5790,5670,1420,0.36,0.415486627
5350576.04,HEART LAKE,Brampton East,Brampton,Peel,4890,4530,720,0.28,0.243102686
5350576.05,SNELGROVE-HEART LAKE,Brampton East,Brampton,Peel,7360,6835,1610,0.42,0.485971041
5350576.06,SNELGROVE-HEART LAKE,Brampton East,Brampton,Peel,9210,8240,1850,0.35,0.394128898
5350576.07,SNELGROVE-HEART LAKE,Brampton East,Brampton,Peel,5150,4495,1200,0.42,0.434027201
5350576.09,SNELGROVE-HEART LAKE,Brampton East,Brampton,Peel,4610,3965,700,0.29,0.358503639
5350576.16,SPRINGDALE,Brampton East,Brampton,Peel,7290,6365,1860,0.4,0.42979354
5350576.17,SPRINGDALE,Brampton East,Brampton,Peel,8040,6725,1970,0.41,0.463559135
5350576.2,SPRINGDALE,Brampton East,Brampton,Peel,7750,6605,2010,0.39,0.407297047
5350576.22,SPRINGDALE,Brampton East,Brampton,Peel,8710,7300,2210,0.41,0.442171708
5350576.29,FLETCHER'S MEADOW,Brampton West,Brampton,Peel,5000,4160,1130,0.43,0.458818817
5350576.31,SNELGROVE-HEART LAKE,Brampton East,Brampton,Peel,4030,3725,620,0.4,0.429041423
5350576.33,SNELGROVE-HEART LAKE,Brampton East,Brampton,Peel,2960,2625,580,0.26,0.285004414
5350576.34,NORTHWEST SANDALWOOD PARKWAY,Brampton East,Brampton,Peel,7180,5990,1520,0.35,0.392193246
5350576.43,FLETCHER'S MEADOW,Brampton West,Brampton,Peel,7590,6490,1740,0.36,0.362119337
5350576.44,FLETCHER'S MEADOW,Brampton West,Brampton,Peel,3050,2730,540,0.25,0.259186839
5350576.45,SPRINGDALE,Brampton East,Brampton,Peel,3000,2815,690,0.49,0.547658957
5350576.46,SPRINGDALE,Brampton East,Brampton,Peel,6670,5285,1560,0.32,0.421001028
5350576.47,VALES OF CASTLEMORE,Brampton East,Brampton,Peel,4690,4275,920,0.38,0.499123807
5350576.49,FLETCHER'S MEADOW,Brampton West,Brampton,Peel,6940,5145,1500,0.45,0.387355278
5350576.5,FLETCHER'S MEADOW,Brampton West,Brampton,Peel,7030,6725,1630,0.36,0.383886175
5350576.52,FLETCHER'S MEADOW,Brampton West,Brampton,Peel,6780,5740,1490,0.44,0.472474865
5350576.53,FLETCHER'S MEADOW,Brampton West,Brampton,Peel,5240,4365,1190,0.35,0.428762604
5350576.54,COUNTRYSIDE VILLAGES,Brampton East,Brampton,Peel,6790,5730,1540,0.5,0.510444703
5350576.55,SPRINGDALE,Brampton East,Brampton,Peel,7920,6735,1960,0.42,0.448856759
5350576.57,BRAM EAST,Brampton East,Brampton,Peel,4120,4140,810,0.47,0.484927833
5350576.59,SPRINGDALE,Brampton East,Brampton,Peel,7610,6395,1820,0.43,0.436923788
5350576.62,BRAM EAST,Brampton East,Brampton,Peel,8410,6825,2160,0.48,0.453439265
5350576.63,BRAM EAST,Brampton East,Brampton,Peel,7930,6575,1840,0.35,0.353220708
5350576.65,BRAM EAST,Brampton East,Brampton,Peel,4350,3055,1250,0.53,0.575655641
5350576.66,SPRINGDALE,Brampton East,Brampton,Peel,7650,6455,1950,0.39,0.426513011
5350576.68,VALES OF CASTLEMORE,Brampton East,Brampton,Peel,5940,4910,1350,0.49,0.481121177
5350576.69,VALES OF CASTLEMORE,Brampton East,Brampton,Peel,6530,5710,1570,0.44,0.477570637
5350576.73,HIGHWAY 427 INDUSTRIAL,Brampton East,Brampton,Peel,2600,2585,540,0.35,0.262558945
5350576.74,VALES OF HUMBER,Brampton East,Brampton,Peel,10330,8510,2380,0.34,0.232842071
5350576.75,VALES OF CASTLEMORE NORTH,Brampton East,Brampton,Peel,7360,6420,1550,0.25,0.166492466
5350576.76,SNELGROVE-HEART LAKE,Brampton East,Brampton,Peel,5200,4805,920,0.21,0.167602064
5350576.77,NORTHWEST SANDALWOOD PARKWAY,Brampton East,Brampton,Peel,6030,5195,1270,0.32,0.318602625
5350576.78,AIRPORT INTERMODAL AREA,Brampton East,Brampton,Peel,6420,5210,1580,0.3,0.317653879
5350576.79,AIRPORT INTERMODAL AREA,Brampton East,Brampton,Peel,3350,2685,890,0.37,0.313875896
5350576.8,FLETCHER'S MEADOW,Brampton West,Brampton,Peel,3800,3245,820,0.44,0.442798717
5350576.81,FLETCHER'S MEADOW,Brampton West,Brampton,Peel,6160,4740,1400,0.3,0.27037683
5350576.82,BRAM EAST,Brampton East,Brampton,Peel,6450,5295,1500,0.43,0.329585057
5350576.83,BRAM EAST,Brampton East,Brampton,Peel,2960,2550,710,0.48,0.288680898
5350576.84,COUNTRYSIDE VILLAGES,Brampton East,Brampton,Peel,7420,5590,1840,0.38,0.30845876
5350576.85,SPRINGDALE,Brampton East,Brampton,Peel,8140,6825,1870,0.39,0.343552571
5350576.86,BRAM EAST,Brampton East,Brampton,Peel,5440,4445,1320,0.39,0.348636866
5350576.87,BRAM EAST,Brampton East,Brampton,Peel,4480,4015,980,0.47,0.386621634
5350576.88,SPRINGDALE,Brampton East,Brampton,Peel,5830,4355,1360,0.47,0.367339823
5350576.89,SPRINGDALE,Brampton East,Brampton,Peel,4240,3690,990,0.6,0.465455415
5350576.9,BRAM WEST,Brampton West,Brampton,Peel,4790,3930,1240,0.44,0.456342972
5350576.91,BRAM WEST,Brampton West,Brampton,Peel,16410,12630,3380,0.33,0.337587471
5350576.92,SPRINGDALE,Brampton East,Brampton,Peel,6640,5765,1310,0.45,0.353840918
5350576.93,SPRINGDALE,Brampton East,Brampton,Peel,10330,8475,2730,0.38,0.367431586
5350576.94,BRAM EAST,Brampton East,Brampton,Peel,4910,4490,1220,0.48,0.430345436
5350576.95,BRAM EAST,Brampton East,Brampton,Peel,6170,4265,1540,0.4,0.333928839
5350576.96,BRAM EAST,Brampton East,Brampton,Peel,9290,7095,2160,0.45,0.418793443
5350576.97,BRAM EAST,Brampton East,Brampton,Peel,4580,4350,1130,0.43,0.332561976
5350576.98,MOUNT PLEASANT,Brampton West,Brampton,Peel,39420,29665,9620,0.46,0.425026281
5350576.99,MOUNT PLEASANT WEST,Brampton West,Brampton,Peel,6950,5775,1590,0.34,0.32101169
5350577,CREDIT VALLEY,Brampton West,Brampton,Peel,11740,9295,2960,0.4,0.44743881
5350577.01,CREDIT VALLEY,Brampton West,Brampton,Peel,4230,3270,970,0.42,0.455456854
5350577.02,CREDIT VALLEY,Brampton West,Brampton,Peel,6820,5170,1650,0.33,0.29726471
5350577.03,CREDIT VALLEY,Brampton West,Brampton,Peel,7680,6195,1900,0.39,0.40084269
5350577.04,CREDIT VALLEY,Brampton West,Brampton,Peel,7350,6710,1470,0.33,0.303433799
5350577.05,CREDIT VALLEY,Brampton West,Brampton,Peel,7090,5210,1790,0.4,0.41112721
5350577.06,CREDIT VALLEY,Brampton West,Brampton,Peel,7130,5825,1570,0.31,0.332489443
5350577.07,FLETCHER'S MEADOW,Brampton West,Brampton,Peel,4060,3725,900,0.38,0.355518335
5350577.08,FLETCHER'S MEADOW,Brampton West,Brampton,Peel,4960,4535,1020,0.31,0.343206562
5350577.09,FLETCHER'S MEADOW,Brampton West,Brampton,Peel,3940,3475,810,0.33,0.332651965
5350585.02,Macville,Caledon,Caledon,Peel,6680,6275,860,0.33,0.354510517
5350585.03,Bolton,Caledon,Caledon,Peel,5540,5490,560,0.31,0.293554849
5350585.05,Bolton,Caledon,Caledon,Peel,7060,6880,500,0.34,0.309340701
5350585.07,Albion,Caledon,Caledon,Peel,9970,7845,1270,0.3,0.346040505
5350585.08,Palgrave,Caledon,Caledon,Peel,4290,4020,510,0.21,0.257652095
5350585.09,Bolton,Caledon,Caledon,Peel,5800,5875,480,0.35,0.422405266
5350585.1,Bolton,Caledon,Caledon,Peel,4760,4630,460,0.48,0.420505049
5350586.02,Cheltenham,Caledon,Caledon,Peel,3720,3025,750,0.34,0.3764339
5350586.03,Kilmanagh,Caledon,Caledon,Peel,5160,4670,1140,0.35,0.323155783
5350586.04,Mayfield West,Caledon,Caledon,Peel,9140,6585,1630,0.41,0.355087348
5350586.05,Mayfield West,Caledon,Caledon,Peel,10770,9565,1760,0.27,0.222767243
5350587.01,Caledon Village East,Caledon,Caledon,Peel,6000,6075,720,0.41,0.431880536
5350587.02,Alton,Caledon,Caledon,Peel,5580,5645,580,0.3,0.404488645
5350802.01,West Rouge,North Scarborough,Toronto,Toronto,3950,4010,490,0.15,0.143474208
5350802.02,West Rouge,North Scarborough,Toronto,Toronto,5410,5370,560,0.26,0.232340516
