CRA_BN_ID,CRA_Organization_Name,CRA_Category,CRA_SubCategory,211_Organization_Name,211_Location_Name,211_Address,211_City,211_Postal_Code,X_Coordinate,Y_Coordinate,Match_Method,Tenure,UW
783824915RR0001,U-R Home Awareness & Support Services,1.0,99.0,U-R Home,U-R Home - U-R Home,316 Kirkvalley Cres,Aurora,L4G 7S1,-79.454802,44.019801,Manual,,False
838744720RR0001,Prevention of Elder Abuse and Community Education Services,1.0,99.0,Prevention of Elder Abuse Committee of York Region,Prevention of Elder Abuse Committee of York Region - Prevention of Elder Abuse Committee of York Region,,Aurora,,-79.46756,43.99966,Manual,,False
868421546RR0001,PRESIDENT'S CHOICE CHILDREN'S CHARITY/LA FONDATION POUR LES ENFANTS LE CHOIX DU PRESIDENT,1.0,99.0,President's Choice Children's Charity,President's Choice Children's Charity - Food Access and Nutrition Education Grants,,Brampton,,-79.6708,43.7704,Manual,,False
107830648RR0001,PEEL FAMILY EDUCATION CENTRE,160.0,99.0,Family Education Centre,Family Education Centre - Family Education Centre,4 Sir Lou Dr,Brampton,L6Y 4J7,-79.729604,43.66095,Manual,,True
107581308RR0001,LABOUR COMMUNITY SERVICES OF PEEL INC.,160.0,99.0,Labour Community Services of Peel,Labour Community Services of Peel - Labour Community Services of Peel,10 Gillingham Dr,Brampton,L6X 5A5,-79.78493,43.703415,Postal Code + Fuzzy Name,,True
106805955RR0001,Brampton Meals-on-Wheels,150.0,2.0,Brampton Meals on Wheels,Brampton Meals on Wheels - Brampton Meals on Wheels,,Brampton,,-79.762418,43.731548,Exact Name,,False
106805880RR0001,BRAMPTON CALEDON COMMUNITY LIVING,100.0,99.0,Brampton Caledon Community Living,Brampton Caledon Community Living - Brampton Caledon Community Living,34 Church St W,Brampton,L6X 1H3,-79.765409,43.688029,Exact Name,,True
124360280RR0001,VICTIM SERVICES OF PEEL,160.0,99.0,Victim Services of Peel,Victim Services of Peel - Victim Crisis Assistance Ontario,,Brampton,,-79.762418,43.731548,Exact Name,,True
118814573RR0001,BOYS AND GIRLS CLUB OF PEEL,200.0,5.0,Boys and Girls Clubs of Peel,Boys and Girls Clubs of Peel - Boys and Girls Clubs of Peel,247 McMurchy Ave S,Brampton,L6Y 1Z4,-79.749188,43.667714,Postal Code + Fuzzy Name,,True
830613444RR0001,Langar Seva Meal & Support Services,150.0,5.0,Langar Seva Meal and Support Services,Langar Seva Meal and Support Services - Langar Seva Meal and Support Services,2565 Steeles Ave E,Brampton,L6T 4L6,-79.678012,43.714196,Postal Code + Fuzzy Name,,False
886559590RR0001,CALEDON\DUFFERIN VICTIM SERVICES,160.0,99.0,CaledonDufferin Victim Services,CaledonDufferin Victim Services - Victim Crisis Assistance Ontario,Caledon OPP Station -  15924 Innis Lake Rd,Caledon,L7C 2Z1,-79.853285,43.876367,Exact Name,,True
123538050RR0001,CALEDON PARENT-CHILD CENTRE,160.0,99.0,Caledon Parent-Child Centre,Caledon Parent-Child Centre - Caledon Parent-Child Centre,Albion Bolton Community Centre -  150 Queen St S,Caledon,L7E 1E3,-79.735518,43.876099,Exact Name,,False
125123471RR0001,OLDER ADULT CENTRES' ASSOCIATION OF ONTARIO,160.0,99.0,Older Adult Centres' Association of Ontario,Older Adult Centres' Association of Ontario - Older Adult Centres' Association of Ontario,,Caledon,,-79.874484,43.836337,Exact Name,,False
870166436RR0001,HOSPICE GEORGINA,100.0,9.0,Hospice Georgina,Hospice Georgina - Hospice Georgina,20849 Dalton Rd,Georgina,,-79.36138,44.304585,Manual UW,,True
888551868RR0001,ROUTES CONNECTING COMMUNITIES INC.,1.0,99.0,Routes Connecting Communities,Routes Connecting Communities - Routes Connecting Communities,The Link -  20849 Dalton Rd,Georgina,L0E 1R0,-79.362925,44.306219,Manual UW,,True
888753795RR0001,Learning Centre for Georgina,11.0,99.0,Learning Centre for Georgina,Learning Centre for Georgina - Learning Centre for Georgina,Glenwoods Plaza -  443 The Queensway S,Georgina,L4P 3J4,-79.463928,44.214575,Manual UW,,True
107533325RR0001,JERICHO YOUTH SERVICES,70.0,99.0,Jericho Youth Services,Jericho Youth Services - Jericho Youth Services,20849 Dalton Rd W,Georgina,L0E 1R0,-79.362925,44.306219,Manual UW,,True
894945633RR0010,Unionville Alliance Church of The Christian and Missionary Alliance in Canada,30.0,99.0,Unionville Alliance Church,Unionville Alliance Church - Master's Pantry,4898 16th Ave,Markham,L3R 0K6,-79.301464,43.884333,Postal Code + Fuzzy Name,,False
737219725RR0001,DANI'S PLACE RESIDENTIAL SUPPORT,1.0,9.0,DANI,DANI - DANI,501 Clark Ave W,Markham,L4J 4E5,-79.43996,43.80377,Manual,,False
852660141RR0001,"Spirit of Life, a Community Organization",160.0,99.0,Spirit of Life,Spirit of Life - Spirit of Life,1020 Denison St,Markham,L3R 3W5,-79.329216,43.827221,Manual,,False
898362579RR0001,GIANT STEPS TORONTO INC.,100.0,99.0,Giant Steps Toronto / York Region,Giant Steps Toronto / York Region - Giant Steps Toronto / York Region,35 Flowervale Rd,Markham,L3T 4J3,-79.363232,43.819347,Postal Code + Fuzzy Name,,False
107376238RR0001,FAMILY AND CREDIT COUNSELLING SERVICES SERVING YORK REGION,1.0,99.0,Family and Credit Counselling Services,Family and Credit Counselling Services - Family and Credit Counselling Services,300 John St,Markham,L3T 5W4,-79.398466,43.820492,Postal Code + Fuzzy Name,,False
118981125RR0001,KINARK CHILD AND FAMILY SERVICES,100.0,99.0,Kinark Child and Family Services,Kinark Child and Family Services - School Support Program - Autism Spectrum Disorder,600 Alden Rd,Markham,L3R 0E7,-79.330097,43.83794,Exact Name,,False
867883464RR0001,THE MARKHAVEN FOUNDATION,150.0,3.0,Markhaven Home for Seniors,Markhaven Home for Seniors - Markhaven Home for Seniors,54 Parkway Ave,Markham,L3P 2G4,-79.254226,43.883711,Manual,,False
119125920RR0001,ROUGEBANK FOUNDATION,1.0,99.0,Thomson Court Apartments - Rougebank Foundation,Thomson Court Apartments - Rougebank Foundation - Thomson Court Apartments - Rougebank Foundation,1 Thomson Court,Markham,L3P 1M5,-79.26136,43.874449,Manual,,False
106844244RR0001,CELIAC CANADA / COELIAQUE CANADA,100.0,99.0,Canadian Celiac Association,Canadian Celiac Association - National Office,1450 Meyerside Dr,Mississauga,L5T 2N5,-79.653803,43.659203,Postal Code + Fuzzy Name,,False
852167956RR0001,Citizens for the Advancement of Community Development,160.0,99.0,Citizens for Advancement of Community Development,Citizens for Advancement of Community Development - Citizens for Advancement of Community Development,Mississauga Valley Community Centre and Library -  1275 Mississauga Valley Blvd,Mississauga,L5A 3R8,-79.623804,43.596941,Postal Code + Fuzzy Name,,False
107833295RR0374,THE PENTECOSTAL ASSEMBLIES OF CANADA/LES ASSEMBLEES DE LA PENTECOTE DU CANADA,30.0,11.0,Pentecostal Assemblies of Canada,Pentecostal Assemblies of Canada - Pentecostal Assemblies of Canada,2450 Milltower Crt,Mississauga,L5N 5Z6,-79.756686,43.597961,Postal Code + Fuzzy Name,,False
119043594RR0001,MISSISSAUGA COMMUNITY LEGAL SERVICES,160.0,99.0,Mississauga Community Legal Services,Mississauga Community Legal Services - Mississauga Community Legal Services,130 Dundas St E,Mississauga,L5A 3V8,-79.612441,43.582941,Exact Name,,False
119087781RR0001,PEEL ASSOCIATION FOR HANDICAPPED ADULTS,100.0,99.0,Peel Association for Handicapped Adults,Peel Association for Handicapped Adults - Peel Association for Handicapped Adults,,Mississauga,,-79.64412,43.589045,Exact Name,,False
107565665RR0001,KERRY'S PLACE AUTISM SERVICES,100.0,99.0,Kerry's Place Autism Services,Kerry's Place Autism Services - Community Services and Supports,6660 Kennedy Rd,Mississauga,L5T 2M9,-79.6873,43.6489,Exact Name,,False
138420567RR0001,OPTIONS MISSISSAUGA PRINT AND OFFICE SERVICES,160.0,99.0,Options Mississauga,Options Mississauga - Options Mississauga,113 Lakeshore Rd W,Mississauga,L5H 1E9,-79.587537,43.549653,Manual,,False
887783215RR0001,CHILD DEVELOPMENT RESOURCE CONNECTION PEEL,160.0,99.0,Child Development Resource Connection Peel,Child Development Resource Connection Peel - Child Development Resource Connection Peel,75 Watline Ave,Mississauga,L4Z 3E5,-79.670822,43.622912,Exact Name,,False
118784842RR0001,ALZHEIMER SOCIETY OF ONTARIO,1.0,99.0,Alzheimer Society Peel,Alzheimer Society Peel - Alzheimer Society Peel,60 Briarwood Ave,Mississauga,L5G 3N6,-79.581019,43.560891,Manual,,False
802875245RR0001,Women & Children Social Networking WNC-SN,160.0,99.0,Women and Children Social Networking,Women and Children Social Networking - Women and Children Social Networking,3034 Palstan Rd,Mississauga,L4Y 2Z6,-79.590792,43.604733,Postal Code + Fuzzy Name,,False
133740316RR0001,Look Good Feel Better / Belle et bien dans sa peau,110.0,4.0,Look Good Feel Better,Look Good Feel Better - Peel Region Workshops,420 Britannia Rd E,Mississauga,L4Z 3L5,-79.66648,43.633465,Manual,,False
119010379RR0001,Learning Disabilities Association of Peel Region,100.0,99.0,Learning Disabilities Association of Peel Region,Learning Disabilities Association of Peel Region - Learning Disabilities Association of Peel Region,249 Church St,Mississauga,L5M 1N1,-79.610371,43.651029,Exact Name,,True
875333619RR0001,GLOBAL 180 STUDENT COMMUNICATIONS,1.0,99.0,Global 180,Global 180 - Global 180,,Mississauga,,-79.64412,43.589045,Manual,,False
887549285RR0001,A CHILD'S VOICE FOUNDATION-LA FONDATION UNE VOIX D'ENFANT,1.0,99.0,"Child's Voice Foundation, A","Child's Voice Foundation, A - Child's Voice Foundation, A",National Office -  3034 Palstan Rd,Mississauga,L4Y 2Z6,-79.590792,43.604733,Manual,,False
136623378RR0001,MIAG CENTRE FOR DIVERSE WOMEN & FAMILIES,160.0,99.0,MIAG Centre for Diverse Women & Families,MIAG Centre for Diverse Women & Families - MIAG Centre for Diverse Women & Families,3034 Palstan Rd,Mississauga,L4Y 2Z6,-79.590792,43.604733,Exact Name,,True
136609450RR0001,BRAIN INJURY ASSOCIATION OF PEEL & HALTON,160.0,99.0,Brain Injury Association of Peel and Halton,Brain Injury Association of Peel and Halton - Brain Injury Association of Peel and Halton,,Mississauga,,-79.64412,43.589045,General Fuzzy Match,,False
118833870RR0001,GENETIC AORTIC DISORDERS ASSOCIATION CANADA/L'ASSOCIATION CANADIENNE DES MALADIES GENETIQUES DE L'AORTE,100.0,99.0,Genetic Aortic Disorders Association Canada,Genetic Aortic Disorders Association Canada - Genetic Aortic Disorders Association Canada,2338 Hurontario St,Mississauga,L5B 1N1,-79.609167,43.574484,General Fuzzy Match,,False
871074068RR0001,VICTIM SERVICES OF YORK REGION INCORPORATED,160.0,99.0,Victim Services of York Region,Victim Services of York Region - Victim Quick Response Program+,16775 Yonge St,Newmarket,L3Y 8J4,-79.475486,44.037067,General Fuzzy Match,,True
137164869RR0001,LITERACY COUNCIL YORK-SIMCOE,10.0,99.0,Literacy Council York-Simcoe,Literacy Council York-Simcoe - Skills Upgrading Centre,1100 Gorham St,Newmarket,L3Y 8Y8,-79.428631,44.056183,Manual UW,,True
879605111RR0001,SOUTHLAKE RESIDENTIAL CARE VILLAGE,100.0,99.0,Southlake Residential Care Village,Southlake Residential Care Village - Southlake Residential Care Village,640 Grace St,Newmarket,L3Y 8V7,-79.450926,44.059307,Exact Name,,False
858798127RR0001,Beyond Abilities Centre,160.0,99.0,Beyond Abilities Centre,Beyond Abilities Centre - Beyond Abilities Centre,404 Town Centre -  1111 Davis Dr,Newmarket,L3Y 9E5,-79.430653,44.068063,Exact Name,,False
108141557RR0001,TRINITY UNITED CHURCH,30.0,15.0,Trinity United Church Newmarket,Trinity United Church Newmarket - Lunch At My Place,461 Park Ave,Newmarket,L3Y 1V9,-79.458479,44.053852,Postal Code + Fuzzy Name,,False
853624971RR0001,Cornerstone to Recovery,100.0,99.0,Cornerstone to Recovery,Cornerstone to Recovery - Cornerstone to Recovery,570 Steven Court,Newmarket,L3Y 6Z2,-79.45514,44.03998,Exact Name,,False
119132090RR0001,SAINT ELIZABETH HEALTH CARE,100.0,99.0,Saint Elizabeth Rehab Health,Saint Elizabeth Rehab Health - Saint Elizabeth Rehab Health,10830 Bayview Ave,Richmond Hill,L4S 1L7,-79.42062,43.895252,General Fuzzy Match,,False
891558975RR0001,GRACE BAPTIST CHURCH,30.0,4.0,Grace Baptist Church,Grace Baptist Church - Grace Baptist Church,270 Weldrick Rd W,Richmond Hill,L4C 3V3,-79.459446,43.855394,Exact Name,,False
846863082RR0001,Home on the Hill Supportive Housing,1.0,9.0,Home on the Hill,Home on the Hill - Home on the Hill,St.Mary's Anglican Church of Richmond Hill -  10030 Yonge St,Richmond Hill,L4C 1T8,-79.438083,43.872161,Manual,,False
890484769RR0001,Cayr Community Connections,100.0,99.0,CAYR Community Connections,CAYR Community Connections - CAYR Community Connections,10909 Yonge St,Richmond Hill,L4C 3E3,-79.440579,43.89399,Exact Name,,True
846202034RR0001,LEARNING DISABILITIES ASSOCIATION OF YORK-SIMCOE,100.0,99.0,Learning Disabilities Association of York Region,Learning Disabilities Association of York Region - Learning Disabilities Association of York Region,9040 Leslie St,Richmond Hill,L4B 3L8,-79.384423,43.852367,General Fuzzy Match,,True
857936025RR0001,Prosserman Jewish Community Centre,200.0,7.0,Prosserman Jewish Community Centre,Prosserman Jewish Community Centre - Prosserman Jewish Community Centre,Sherman Campus -  4588 Bathurst St,Toronto,M2R 1W6,-79.442074,43.763153,Exact Name,,False
107948309RR0001,SADOCHOK CENTRE INC.,1.0,99.0,Sadochok Preschool Centre,Sadochok Preschool Centre - Sadochok Preschool Centre,Joseph Cardinal Slipyj Catholic School -  35 WEST DEANE PARK DR,Toronto,M9B 2R5,-79.56553,43.659739,Manual,,False
893355362RR0001,RESPONSIBLE GAMBLING COUNCIL OF CANADA/CONSEIL CANADIEN POUR LE JEU RESPONSABLE,100.0,1.0,Responsible Gambling Council,Responsible Gambling Council - Responsible Gambling Council,411 Richmond St E,Toronto,M5A 3S5,-79.366883,43.653586,Postal Code + Fuzzy Name,,False
107910259RR0001,"Roman Catholic Episcopal Corporation of the Diocese of Toronto, in Canada",30.0,5.0,Catholic Charities of the Archdiocese of Toronto,Catholic Charities of the Archdiocese of Toronto - Catholic Charities of the Archdiocese of Toronto,1155 Yonge St,Toronto,M4T 1W2,-79.391318,43.682139,Postal Code + Fuzzy Name,,False
119115434RR0001,RENASCENT FOUNDATION INC.,100.0,1.0,Renascent,Renascent - Renascent,Wright Centre -  38 Isabella St,Toronto,M4Y 1N1,-79.383886,43.668281,Manual,,False
824684443RR0001,Rexdale Community Hub,200.0,7.0,Rexdale Community Legal Clinic,Rexdale Community Legal Clinic - Rexdale Community Legal Clinic,Rexdale Community Hub -  21 Panorama Court,Toronto,M9V 4E3,-79.581313,43.746332,Manual,,True
886752146RR0001,2 - SPIRITED PEOPLE OF THE 1ST NATIONS,100.0,14.0,2-Spirited People of the 1st Nations,2-Spirited People of the 1st Nations - 2-Spirited People of the 1st Nations,145 Front St E,Toronto,M5A 1E3,-79.369347,43.649813,Manual UW,,True
107861155RR0001,PROGRESS PLACE REHABILITATION CENTRE (METROPOLITAN TORONTO) INC.,100.0,6.0,Progress Place,Progress Place - Progress Place,576 Church St,Toronto,M4Y 2E3,-79.381598,43.666471,Manual UW,,True
107755837RR0001,Muscular Dystrophy Canada / Dystrophie musculaire Canada,100.0,99.0,Muscular Dystrophy Canada - Ontario Regional Office,Muscular Dystrophy Canada - Ontario Regional Office - Muscular Dystrophy Canada - Ontario Regional Office,40 Eglinton Ave E,Toronto,M4P 3A2,-79.397147,43.707402,Manual,,False
890790793RR0001,NEIGHBOURLINK NORTH YORK,70.0,99.0,NeighbourLink North York,NeighbourLink North York - NeighbourLink North York,89 Centre Ave,Toronto,,-79.22175,43.745767,Exact Name,,False
140263013RR0001,NORTH YORK WOMEN'S RESOURCE CENTRE,160.0,99.0,North York Women's Centre,North York Women's Centre - North York Women's Centre,116 Industry St,Toronto,M6M 4L8,-79.492714,43.693991,Postal Code + Fuzzy Name,,False
140741414RR0001,OASIS DUFFERIN COMMUNITY CENTRE,200.0,5.0,Oasis Dufferin Community Centre,Oasis Dufferin Community Centre - Oasis Dufferin Community Centre,1219 Dufferin St,Toronto,M6H 4C2,-79.437644,43.666092,Exact Name,,False
119067411RR0001,ONTARIO ASSOCIATION OF THE DEAF,100.0,99.0,Ontario Association of the Deaf,Ontario Association of the Deaf - Ontario Association of the Deaf,2395 Bayview Ave,Toronto,M2L 1A2,-79.380697,43.734666,Exact Name,,False
124046368RR0002,ONTARIO LUNG ASSOCIATION,100.0,99.0,Lung Association - Ontario,Lung Association - Ontario - Ontario Lung Association (The),18 Wynford Dr,Toronto,M3C 0K8,-79.337314,43.723858,Postal Code + Fuzzy Name,,False
130620552RR0001,ONTARIO MEDICAL FOUNDATION,100.0,99.0,Ontario Medical Association,Ontario Medical Association - Ontario Medical Association,150 Bloor St W,Toronto,M5S 3C1,-79.3935,43.6693,Postal Code + Fuzzy Name,,False
876092107RR0001,ONTARIO NURSING HOME ASSOCIATION TRUST,100.0,99.0,Ontario Long Term Care Association,Ontario Long Term Care Association - Ontario Long Term Care Association,425 University Ave,Toronto,M5G 1T6,-79.38743,43.654284,Postal Code + Fuzzy Name,,False
856750898RR0001,Peel Aboriginal Network Indigenous Friendship Centre,160.0,1.0,Ontario Federation of Indigenous Friendship Centres,Ontario Federation of Indigenous Friendship Centres - Ontario Federation of Indigenous Friendship Centres,219 Front St E,Toronto,M5A 1E8,-79.365766,43.650761,Manual,,True
885026351RR0001,ONTARIO SOCIETY OF SENIOR CITIZENS ORGANIZATIONS/LA SOCIETE DES CITOYENS AINES DE L'ONTARIO,160.0,99.0,Ontario Society of Senior Citizens' Organizations,Ontario Society of Senior Citizens' Organizations - Ontario Society of Senior Citizens' Organizations,345 Wilson Ave,Toronto,M3H 5W1,-79.436245,43.736633,Postal Code + Fuzzy Name,,False
895510931RR0001,OSTEOPOROSIS CANADA / OSTEOPOROSE CANADA,100.0,99.0,Osteoporosis Canada,Osteoporosis Canada - Osteoporosis Canada,250 Ferrand Dr,Toronto,M3C 3G8,-79.3337,43.7197,Postal Code + Fuzzy Name,,False
107797722RR0001,Ontario Federation for Cerebral Palsy,100.0,99.0,Ontario Federation for Cerebral Palsy,Ontario Federation for Cerebral Palsy - Ontario Federation for Cerebral Palsy,1630 Lawrence Ave W,Toronto,M6L 1C5,-79.491568,43.706265,Exact Name,,False
841215262RR0001,Out of Bounds: Grief Support,1.0,99.0,Out of Bounds,Out of Bounds - Grief and Trauma Support,79 Gosford Blvd,Toronto,M3N 2G9,-79.521857,43.767206,Manual,,False
863633715RR0001,SAN ROMANOWAY REVITALIZATION ASSOCIATION,200.0,7.0,San Romanoway Revitalization Association,San Romanoway Revitalization Association - San Romanoway Revitalization Association,10 San Romanoway,Toronto,M3N 2Y2,-79.516651,43.758454,Exact Name,,False
133088419RR0001,PARACHUTE LEADERS IN INJURY PREVENTION,1.0,99.0,Parachute,Parachute - Parachute,150 Eglinton Ave E,Toronto,M4P 1E8,-79.394156,43.707863,Manual,,False
133336511RR0001,PARENT EDUCATION NETWORK,1.0,99.0,Parent Education Network,Parent Education Network - Parent Education Network,75 Eighth St,Toronto,M8V 3C5,-79.50526,43.59845,Exact Name,,False
107814972RR0001,PARKDALE COMMUNITY LEGAL SERVICES INC.,160.0,99.0,Parkdale Community Legal Services,Parkdale Community Legal Services - Parkdale Community Legal Services,1229 Queen St W,Toronto,M6K 1L2,-79.429466,43.641824,Postal Code + Fuzzy Name,,False
838776524RR0001,PEACEBUILDERS INTERNATIONAL (CANADA),160.0,99.0,Peacebuilders International (Canada),Peacebuilders International (Canada) - Peacebuilders International (Canada),Daniels Spectrum -  585 Dundas St E,Toronto,M5A 2B7,-79.362003,43.659909,Exact Name,,True
119069144RR0001,OPPORTUNITY FOR ADVANCEMENT,160.0,99.0,Opportunity for Advancement,Opportunity for Advancement - Opportunity for Advancement,1011 Dufferin St,Toronto,M6H 4B5,-79.435225,43.660167,Exact Name,,True
890327067RR0001,SICKLE CELL ASSOCIATION OF ONTARIO,100.0,99.0,Sickle Cell Association of Ontario,Sickle Cell Association of Ontario - Sickle Cell Association of Ontario,,Toronto,,-79.5814,43.6574,Exact Name,,False
119205268RR0001,SUNSHINE CENTRES FOR SENIORS,200.0,5.0,Sunshine Centres for Seniors,Sunshine Centres for Seniors - Sunshine Centres for Seniors,St Andrew's United Church -  117 Bloor St E,Toronto,M4W 1A9,-79.383949,43.670497,Exact Name,,True
119157568RR0001,SOUTH ETOBICOKE COMMUNITY LEGAL SERVICES,160.0,99.0,South Etobicoke Community Legal Services,South Etobicoke Community Legal Services - South Etobicoke Community Legal Services,5353 Dundas St W,Toronto,M9B 6H8,-79.539287,43.636251,Exact Name,,False
135862373RR0001,TORONTO NORTH SUPPORT SERVICES,100.0,99.0,Toronto North Support Services,Toronto North Support Services - Toronto North Support Services,132 Railside Rd,Toronto,M3A 1A3,-79.326592,43.736562,Exact Name,,False
123916751RR0002,The Duke of Edinburgh's International Award - Canada/Le Prix Internationale du Duc d'Edimbourg - Canada,200.0,5.0,The Duke of Edinburgh's International Award - Ontario,The Duke of Edinburgh's International Award - Ontario - The Duke of Edinburgh's International Award - Ontario,215 Niagara St,Toronto,M6J 2L2,-79.408383,43.643213,Manual,,False
846476414RR0001,The Hispanic Community Centre For the City of York,200.0,7.0,York Hispanic Centre,York Hispanic Centre - York Hispanic Centre,1652 Keele St,Toronto,M6M 3W3,-79.472893,43.683897,Postal Code + Fuzzy Name,,False
126599208RR0001,The Safehaven Project for Community Living,160.0,99.0,Safehaven Project for Community Living,Safehaven Project for Community Living - Safehaven Project for Community Living,1173 Bloor St W,Toronto,M6H 1M9,-79.4383,43.659,Postal Code + Fuzzy Name,,False
891726978RR0001,Toronto Crime Stoppers Inc.,160.0,99.0,Toronto Crime Stoppers,Toronto Crime Stoppers - Toronto Crime Stoppers,Toronto Police Headquarters -  40 College St,Toronto,M5G 2J3,-79.385265,43.661198,Postal Code + Fuzzy Name,,False
834298010RR0001,Turkish Community Heritage Centre of Canada,200.0,7.0,Turkish Community Heritage Centre of Canada,Turkish Community Heritage Centre of Canada - Turkish Community Heritage Centre of Canada,,Toronto,,-79.398322,43.706758,Exact Name,,False
119280022RR0001,URBAN ALLIANCE ON RACE RELATIONS,160.0,99.0,Urban Alliance on Race Relations,Urban Alliance on Race Relations - Urban Alliance on Race Relations,2 Carlton St,Toronto,M5B 1J3,-79.382842,43.661678,Exact Name,,False
123625618RR0001,VARIETY VILLAGE,200.0,5.0,Variety Village,Variety Village - Variety Village,3701 Danforth Ave,Toronto,M1N 2G2,-79.257733,43.698834,Exact Name,,False
108173030RR0001,VICTORIA PARK CHILD CARE CENTRE,1.0,99.0,Victoria Park Child Care Centre,Victoria Park Child Care Centre - Victoria Park Child Care Centre,Victoria Park Secondary School -  15 WALLINGFORD RD,Toronto,M3A 2V1,-79.321563,43.755696,Exact Name,,False
121264998RR0001,VITA COMMUNITY LIVING SERVICES OF TORONTO,110.0,14.0,VITA Mens Sana,VITA Mens Sana - VITA Mens Sana,4301 Weston Rd,Toronto,M9L 2Y3,-79.545899,43.76959,Manual,,True
119287092RR0001,VOLUNTEER CENTRE OF TORONTO,160.0,99.0,Volunteer Toronto,Volunteer Toronto - Volunteer Toronto,721 Bloor St W,Toronto,M6G 1L5,-79.418056,43.66343,General Fuzzy Match,,True
892728940RR0001,WELLSPRING CANCER SUPPORT FOUNDATION/FONDATION WELLSPRING POUR LES PERSONNES ATTEINTES DE CANCER,1.0,99.0,Wellspring - Westerkirk House at Sunnybrook,Wellspring - Westerkirk House at Sunnybrook - Wellspring - Westerkirk House at Sunnybrook,105 Wellness Way,Toronto,M4N 3M5,-79.3784,43.7237,Manual,,False
856995824RR0001,Weston Frontlines Centre,200.0,7.0,Weston Frontlines Centre,Weston Frontlines Centre - Weston Frontlines Centre,1844 Weston Rd,Toronto,M9N 1V8,-79.514609,43.699303,Exact Name,,True
141050708RR0001,White Ribbon,160.0,99.0,White Ribbon,White Ribbon - White Ribbon,36 Eglinton Ave W,Toronto,M4R 1A1,-79.397341,43.707107,Exact Name,,False
108226192RR0001,YORK MEMORIAL PRESBYTERIAN CHURCH,30.0,12.0,York Memorial Presbyterian Church,York Memorial Presbyterian Church - Food Bank,York Memorial Presbyterian Church -  1695 Keele St,Toronto,M6M 3W7,-79.472452,43.685189,Exact Name,,False
119306298RR0001,YORK-FAIRBANK CENTRE FOR SENIORS OF THE CITY OF YORK,200.0,5.0,York Fairbank Centre for Seniors,York Fairbank Centre for Seniors - York Fairbank Centre for Seniors,2213 Dufferin St,Toronto,M6E 3S2,-79.448018,43.691219,Postal Code + Fuzzy Name,,False
119307817RR0001,YOUTH WITHOUT SHELTER TERRA HOUSE NORTH TORONTO EMERGENCY REFERRAL AGENCY,1.0,99.0,Youth Without Shelter,Youth Without Shelter - Youth Without Shelter,6 Warrendale Court,Toronto,M9V 1P9,-79.580427,43.736293,Manual,,True
,,,,Cecil Community Centre,Cecil Community Centre - Cecil Community Centre,58 Cecil St,Toronto,M5T 1N6,-79.39857,43.656366,Manual UW,,True
,,,,Free Geek Toronto,Free Geek Toronto - Free Geek Toronto,180 Sudbury St,Toronto,M6J 0A8,-79.423714,43.641152,Manual UW,,True
,,,,Ontario Nonprofit Network,Ontario Nonprofit Network - Ontario Nonprofit Network,St Clair Centre,Toronto,M4T 2T5,-79.393801,43.688467,Manual UW,,True
,,,,Somali Women's and Children's Support Network,Somali Women's and Children's Support Network - Somali Women's and Children's Support Network,Kingsview Village Public School -  1 York Rd,Toronto,M9R 3C8,-79.551127,43.697707,Manual UW,,True
863069464RR0001,THYROID CANCER CANADA/CANCER DE LA THYROIDE CANADA,100.0,4.0,Thyroid Cancer Canada,Thyroid Cancer Canada - Thyroid Cancer Canada,308 Main St,Toronto,M4C 4X7,-79.3021,43.6885,Postal Code + Fuzzy Name,,False
877945782RR0001,THE TORONTO MILITARY FAMILY RESOURCE CENTRE,160.0,99.0,Toronto Military Family Resource Centre,Toronto Military Family Resource Centre - Toronto Military Family Resource Centre,5 Yukon Lane,Toronto,M3K 0A1,-79.470125,43.750333,Postal Code + Fuzzy Name,,False
133699959RR0001,THE TERESA GROUP - CHILD AND FAMILY AID,100.0,99.0,Teresa Group - Child and Family Aid,Teresa Group - Child and Family Aid - Teresa Group - Child and Family Aid,124 Merton St,Toronto,M4S 2Z2,-79.392506,43.697174,General Fuzzy Match,,False
132943028RR0001,THE SHARING PLACE OF TORONTO INC.,1.0,99.0,Sharing Place,Sharing Place - Sharing Place,Grace Church of the Nazarene -  624 Annette St,Toronto,M6S 2C4,-79.482159,43.659855,Manual,,False
119158376RR0001,SOUTH RIVERDALE CHILD-PARENT CENTRE,160.0,99.0,South Riverdale Child-Parent Centre,South Riverdale Child-Parent Centre - South Riverdale Child-Parent Centre,Ralph Thornton Community Centre -  765 Queen St E,Toronto,M4M 1H3,-79.347518,43.659288,Exact Name,,False
119068435RR0001,SPECIAL OLYMPICS ONTARIO INC.,200.0,5.0,Special Olympics Ontario,Special Olympics Ontario - Special Olympics Ontario,65 Overlea Blvd,Toronto,M4H 1P1,-79.342771,43.707341,Postal Code + Fuzzy Name,,False
889625745RR0001,"ST. BARTHOLOMEW'S CHILDREN'S CENTRE, REGENT PARK INC.",1.0,99.0,St Bartholomew's Children's Centre,St Bartholomew's Children's Centre - Regent Park,St. Bartholomew's Anglican Church -  509 DUNDAS ST E,Toronto,M5A 3V3,-79.364024,43.659656,Postal Code + Fuzzy Name,,False
118891464RR0001,ST. DAVID'S VILLAGE CORPORATION,1.0,99.0,St David's Village,St David's Village - St David's Village,1290 Danforth Rd,Toronto,M1J 3L9,-79.24551,43.741085,Postal Code + Fuzzy Name,,False
853550077RR0001,STEPSTONES FOR YOUTH,200.0,5.0,StepStones for Youth,StepStones for Youth - StepStones for Youth,Monsignor Fraser College - Annex Campus -  700 Markham St,Toronto,M6G 2M3,-79.413755,43.667264,Exact Name,,True
892532961RR0001,STONEGATE COMMUNITY ASSOCIATION,100.0,99.0,Stonegate Community Health Centre,Stonegate Community Health Centre - Stonegate Community Health Centre,10 Neighbourhood Lane,Toronto,M8Y 0C5,-79.5493,43.682,Manual,,False
119200541RR0001,STREET HEALTH COMMUNITY NURSING FOUNDATION,100.0,99.0,Street Health Community Nursing Foundation,Street Health Community Nursing Foundation - Street Health Community Nursing Foundation,338 Dundas St E,Toronto,M5A 2A1,-79.370007,43.658689,Exact Name,,True
133865477RR0001,Second Harvest Canada / Deuxiï¿½me Rï¿½colte Canada,1.0,99.0,Second Harvest Food Support Committee,Second Harvest Food Support Committee - Second Harvest Food Support Committee,1450 Lodestar Rd,Toronto,M3J 3C1,-79.468543,43.761138,Manual,,False
118836337RR0001,Special Olympics Canada,200.0,5.0,Special Olympics Ontario - Special Olympics Toronto,Special Olympics Ontario - Special Olympics Toronto - Special Olympics Ontario - Special Olympics Toronto,65 Overlea Blvd Suite 200,Toronto,M4H 1P1,-79.3427,43.7073,General Fuzzy Match,,False
807446810RR0001,St.Kitts-Nevis Circle of Care,150.0,5.0,Circle of Care,Circle of Care - Circle of Care,4211 Yonge St,Toronto,M2P 2A9,-79.407174,43.74817,General Fuzzy Match,,False
859128332RR0001,SKETCH WORKING ARTS FOR STREET INVOLVED AND HOMELESS YOUTH,160.0,19.0,SKETCH Working Arts,SKETCH Working Arts - SKETCH Working Arts,Artscape Youngplace -  180 Shaw St,Toronto,M6J 2W5,-79.41759,43.64691,Manual,,False
817186935RR0001,Stella's Place Assessment and Treatment Centre,1.0,99.0,Stella's Place,Stella's Place - Young Adult Mental Health,18 Camden St,Toronto,M5V 1V1,-79.396817,43.647361,Manual,,False
119215697RR0001,THE BERNARD BETEL CENTRE FOR CREATIVE LIVING,1.0,99.0,Bernard Betel Centre,Bernard Betel Centre - Bernard Betel Centre,1003 Steeles Ave W,Toronto,M2R 3T6,-79.447214,43.791913,Manual,,True
126081140RR0001,THE CANADIAN ABILITIES FOUNDATION,160.0,99.0,Canadian Abilities Foundation,Canadian Abilities Foundation - Canadian Abilities Foundation,255 Duncan Mill Rd,Toronto,M3T 3H9,-79.351748,43.761328,General Fuzzy Match,,False
106863657RR0001,THE CANADIAN MENTAL HEALTH ASSOCIATION,100.0,99.0,Mental Health Toronto,Mental Health Toronto - Mental Health Toronto,,Toronto,,-79.383184,43.653226,General Fuzzy Match,,False
130193394RR0001,THE DOROTHY LEY HOSPICE,100.0,99.0,Dorothy Ley Hospice,Dorothy Ley Hospice - Dorothy Ley Hospice,220 Sherway Dr,Toronto,M9C 0A7,-79.560478,43.608286,Postal Code + Fuzzy Name,,False
119231306RR0001,"THE ELIZABETH FRY SOCIETY, TORONTO BRANCH",160.0,99.0,Elizabeth Fry Toronto,Elizabeth Fry Toronto - Elizabeth Fry Toronto,215 Wellesley St E,Toronto,M4X 1G1,-79.372979,43.667149,Postal Code + Fuzzy Name,,True
869730648RR0001,THE GATEHOUSE CHILD ABUSE INVESTIGATION & SUPPORT SITE,160.0,99.0,Gatehouse,Gatehouse - Gatehouse,3101 Lake Shore Blvd W,Toronto,M8V 3W8,-79.513084,43.598792,Manual,,False
108082918RR0001,THE GEORGE HULL CENTRE FOR CHILDREN AND FAMILIES,100.0,99.0,George Hull Centre for Children and Families,George Hull Centre for Children and Families - George Hull Centre for Children and Families,81 The East Mall,Toronto,M8Z 5W3,-79.548314,43.619413,Postal Code + Fuzzy Name,,False
118941269RR0001,THE GOOD NEIGHBOURS' CLUB,1.0,99.0,Haven Toronto,Haven Toronto - Haven Toronto,170 Jarvis St,Toronto,M5B 2B7,-79.374153,43.655518,Manual UW,,True
107623654RR0001,THE LEUKEMIA & LYMPHOMA SOCIETY OF CANADA/SOCIETE DE LEUCEMIE & LYMPHOME DU CANADA,100.0,99.0,Leukemia and Lymphoma Society of Canada - Ontario Region,Leukemia and Lymphoma Society of Canada - Ontario Region - Leukemia and Lymphoma Society of Canada - Ontario Region,2 Lansing Square,Toronto,M2J 4P8,-79.326048,43.774296,Postal Code + Fuzzy Name,,False
891728867RR0001,THE REDWOOD...FOR WOMEN AND CHILDREN FLEEING ABUSE,1.0,99.0,Redwood Shelter,Redwood Shelter - Redwood Shelter,,Toronto,,-79.383184,43.653226,Manual,,True
107910259RR0183,Sts. Peter and Paul Parish,30.0,5.0,Sts Peter and Paul Residence,Sts Peter and Paul Residence - Sts Peter and Paul Residence,221 Milner Ave,Toronto,M1S 4P4,-79.240049,43.788161,General Fuzzy Match,,False
119046100RR0001,MORE THAN CHILD'S PLAY,1.0,99.0,More Than Child's Play EarlyON Child and Family Centre,More Than Child's Play EarlyON Child and Family Centre - More Than Child's Play EarlyON Child and Family Centre,Masaryk Cowan Community Centre -  220 Cowan Ave,Toronto,M6K 2N6,-79.433247,43.640767,Manual,,False
889278974RR0001,LITTLE PEOPLE OF ONTARIO / L P O,160.0,99.0,Little People of Ontario,Little People of Ontario - Little People of Ontario,108 Rosedale Heights Dr,Toronto,M4T 1C6,-79.378365,43.687903,Postal Code + Fuzzy Name,,False
130978570RR0001,MOOD DISORDERS ASSOCIATION OF ONTARIO & TORONTO,100.0,99.0,Mood Disorders Association of Ontario,Mood Disorders Association of Ontario - Mood Disorders Association of Ontario,36 Eglinton Ave W,Toronto,M4R 1A1,-79.39993,43.706647,Postal Code + Fuzzy Name,,False
118837970RR0001,CAPUCHIN OUTREACH TO THE POOR PARKDALE,1.0,99.0,Capuchin Outreach,Capuchin Outreach - Capuchin Outreach,1322 Queen St W,Toronto,M6K 1L4,-79.431362,43.641771,Manual,,False
118839323RR0001,CARMELITE SISTERS OF CANADA,70.0,2.0,Carmelite Missionary Sisters of St Theresa Of Child Jesus,Carmelite Missionary Sisters of St Theresa Of Child Jesus - Carmelite Missionary Sisters Of St Theresa Of Child Jesus,Carmelite Missionary Sisters -  1196 WILSON AVE,Toronto,M3M 1H3,-79.488637,43.725592,General Fuzzy Match,,False
118840230RR0001,CASEY HOUSE,100.0,99.0,Casey House,Casey House - Casey House,119 Isabella St,Toronto,M4Y 1P2,-79.3789,43.6688,Exact Name,,False
118843093RR0001,CENTRAL EGLINTON COMMUNITY CENTRE,200.0,5.0,Central Eglinton Community Centre,Central Eglinton Community Centre - Central Eglinton Community Centre,160 Eglinton Ave E,Toronto,M4P 3B5,-79.393628,43.707962,Exact Name,,False
129335881RR0001,CHILDREN'S MENTAL HEALTH ONTARIO/SANTE MENTALE POUR ENFANTS ONTARIO,100.0,99.0,Children's Mental Health Ontario,Children's Mental Health Ontario - Children's Mental Health Ontario,180 Dundas St W,Toronto,M5G 1Z8,-79.386376,43.65541,Postal Code + Fuzzy Name,,False
106914872RR0001,CHILDREN'S RESOURCE & CONSULTATION CENTRE OF ONT.,160.0,99.0,Children's Resource and Consultation Centre of Ontario,Children's Resource and Consultation Centre of Ontario - Children's Resource and Consultation Centre of Ontario,100 St Clair Ave W,Toronto,M4V 1N3,-79.398703,43.68735,General Fuzzy Match,,False
876622903RR0001,CHURCHES BY THE BLUFFS COMMUNITY SERVICES,1.0,4.0,Bluffs Food Bank,Bluffs Food Bank - Bluffs Food Bank,Birchcliff Bluffs United Church -  33 East Rd,Toronto,M1N 1Z9,-79.271547,43.688073,Manual,,False
106934243RR0001,CLIFFCREST COMMUNITY CENTRE,200.0,5.0,Heart Beatz / Cliffcrest Community Centre,Heart Beatz / Cliffcrest Community Centre - Heart Beatz / Cliffcrest Community Centre,2938 Eglinton Ave E,Toronto,M1J 2E4,-79.235993,43.739851,General Fuzzy Match,,False
119248524RR0001,COMMUNITY LIVING ONTARIO/INTEGRATION COMMUNAUTAIRE ONTARIO,100.0,99.0,Community Living Ontario,Community Living Ontario - Community Living Ontario,1 Valleybrook Dr,Toronto,M3B 2S7,-79.35364,43.758436,Postal Code + Fuzzy Name,,False
118842699RR0001,CANES COMMUNITY CARE,100.0,99.0,CANES Community Care,CANES Community Care - CANES Community Care,10 Carlson Court,Toronto,M9W 6L2,-79.585914,43.690171,Exact Name,,False
129904058RR0001,Canadian Institute for Advancements in Mental Health,100.0,99.0,Institute for Advancements in Mental Health,Institute for Advancements in Mental Health - Institute for Advancements in Mental Health,95 King St E,Toronto,M5C 1G4,-79.374709,43.649639,Postal Code + Fuzzy Name,,False
118870138RR0001,Community Association for Riders with Disabilities,100.0,99.0,Community Association for Riders with Disabilities,Community Association for Riders with Disabilities - Community Association for Riders with Disabilities,4777 Dufferin St,Toronto,M3H 5T3,-79.46933,43.779198,Exact Name,,False
106845100RR0001,Cystic Fibrosis Canada / Fibrose Kystique Canada,100.0,99.0,Cystic Fibrosis Canada,Cystic Fibrosis Canada - Cystic Fibrosis Canada,2323 Yonge St,Toronto,M4P 2C9,-79.398246,43.708283,Postal Code + Fuzzy Name,,False
118885110RR0001,DIABETES CANADA,100.0,99.0,Diabetes Canada,Diabetes Canada - Diabetes Canada,522 University Ave,Toronto,M5G 2R5,-79.3894,43.6558,Exact Name,,False
863798914RR0001,DIXON COMMUNITY SERVICES,160.0,99.0,Dixon Community Services,Dixon Community Services - Dixon Community Services,557 Dixon Rd,Toronto,M9W 6K1,-79.57167,43.690094,Exact Name,,False
118887942RR0001,DOWN SYNDROME ASSOCIATION OF TORONTO,100.0,99.0,Down Syndrome Association of Toronto,Down Syndrome Association of Toronto - Down Syndrome Association of Toronto,,Toronto,,-79.5814,43.6574,Exact Name,,False
107034290RR0001,DOWNTOWN CARE-RING HOME SUPPORT SERVICES OF TORONTO,160.0,99.0,Downtown Care-Ring,Downtown Care-Ring - Downtown Care-Ring,375 Bleecker St,Toronto,M4X 1M3,-79.3749,43.6705,Manual,,False
107014292RR0001,DPNS,1.0,99.0,Dentonia Park Co-Operative Nursery School,Dentonia Park Co-Operative Nursery School - Dentonia Park Co-Operative Nursery School,Presbyterian Community Church -  140 DAWES RD,Toronto,M4C 5C2,-79.297466,43.693841,Manual,,False
890447675RR0001,EAST TORONTO FAMILY COMMUNITY CENTRE,200.0,5.0,Eastview Neighbourhood Community Centre,Eastview Neighbourhood Community Centre - Eastview Neighbourhood Community Centre,86 Blake St,Toronto,M4J 3C9,-79.33978,43.675055,Manual UW,,True
119230241RR0001,MOORELANDS COMMUNITY SERVICES,1.0,99.0,Moorelands Kids,Moorelands Kids - Moorelands Kids,251 Consumers Rd,Toronto,M2J 4R3,-79.330521,43.769998,Manual UW,,True
808239693RR0001,Church Street School Cultural Centre,200.0,7.0,Church Street School Day Care Service,Church Street School Day Care Service - Church Street School Day Care Service,Church Street Public School -  83 ALEXANDER ST,Toronto,M4Y 1B7,-79.379762,43.663457,Manual,,False
106863665RR0001,CANADIAN MENTAL HEALTH ASSOCIATION ONTARIO DIVISION,100.0,99.0,"Canadian Mental Health Association, Ontario","Canadian Mental Health Association, Ontario - Canadian Mental Health Association, Ontario",180 Dundas St W,Toronto,M5G 1Z8,-79.386376,43.65541,Postal Code + Fuzzy Name,,False
106863293RR0001,CANADIAN MEDIC-ALERT FOUNDATION INCORPORATED,100.0,99.0,MedicAlert Foundation Canada,MedicAlert Foundation Canada - MedicAlert Foundation Canada,895 Don Mills Rd,Toronto,M3C 1W3,-79.339603,43.727182,Postal Code + Fuzzy Name,,False
888338399RR0001,CANADIAN CENTRE FOR WOMEN'S EDUCATION AND DEVELOPMENT (ONTARIO),1.0,99.0,Canadian Centre for Women's Education and Development,Canadian Centre for Women's Education and Development - Canadian Centre for Women's Education and Development,2296 Eglinton Ave E,Toronto,M1K 2M2,-79.275814,43.730899,General Fuzzy Match,,False
826403990RR0001,5N2 Soup Kitchen Project,1.0,10.0,5N2Kitchens,5N2Kitchens - MEALS4U,2050 Ellesmere Rd,Toronto,M1H 2Y9,-79.234806,43.777794,Manual,,False
118777168RR0001,ACOUSTIC NEUROMA ASSOCIATION OF CANADA,100.0,99.0,Acoustic Neuroma Association of Canada,Acoustic Neuroma Association of Canada - Acoustic Neuroma Association of Canada,PO 1005 Pleasant Blvd,Toronto,M4T 1K2,-79.393158,43.687036,Exact Name,,False
893230078RR0001,AFRICANS IN PARTNERSHIP AGAINST AIDS,100.0,99.0,Africans in Partnership Against AIDS,Africans in Partnership Against AIDS - Africans in Partnership Against AIDS,526 Richmond St E,Toronto,M5A 1R3,-79.364552,43.654664,Exact Name,,False
118779024RR0001,AIDS COMMITTEE OF TORONTO,100.0,99.0,AIDS Committee of Toronto,AIDS Committee of Toronto - AIDS Committee of Toronto,543 Yonge St,Toronto,M4Y 1Y5,-79.384047,43.664337,Exact Name,,False
118782051RR0001,ALEXANDRA PARK COMMUNITY CENTRE,200.0,5.0,Alexandra Park Community Centre,Alexandra Park Community Centre - Alexandra Park Community Centre,105 Grange Court,Toronto,M5T 2J6,-79.39888,43.65154,Exact Name,,False
745107532RR0001,ALLAN GARDENS FOOD BANK,1.0,4.0,Allan Gardens Food Bank,Allan Gardens Food Bank - Allan Gardens Food Bank,Saint Luke's United Church -  353 Sherbourne St,Toronto,M5A 2S3,-79.37257,43.66289,Exact Name,,False
139274864RR0001,ALLIANCE FOR SOUTH ASIAN AIDS PREVENTION,100.0,99.0,Alliance for South Asian AIDS Prevention,Alliance for South Asian AIDS Prevention - Alliance for South Asian AIDS Prevention,120 Carlton St,Toronto,M5A 4K3,-79.376346,43.662728,Exact Name,,False
106704042RR0001,ALPHA HOUSE,100.0,1.0,Alpha House Recovery Community,Alpha House Recovery Community - Alpha House Recovery Community,647 Broadview Ave,Toronto,M4K 2N9,-79.355862,43.673325,Manual,,False
133065227RR0001,APHASIA INSTITUTE,100.0,99.0,Aphasia Institute,Aphasia Institute - Aphasia Institute,73 Scarsdale Rd,Toronto,M3B 2R2,-79.354691,43.749485,Exact Name,,False
118777994RR0001,ARCH DISABILITY LAW CENTRE,160.0,99.0,ARCH Disability Law Centre,ARCH Disability Law Centre - ARCH Disability Law Centre,55 University Ave,Toronto,M5J 2H7,-79.383952,43.646732,Exact Name,,False
134257765RR0001,ART STARTS NEIGHBOURHOOD CULTURAL CENTRE,190.0,99.0,Art Starts,Art Starts - Art Starts,Yorkdale Community Arts Centre -  3401 Dufferin St,Toronto,M6A 2T9,-79.452809,43.725108,Manual UW,,True
755608494RR0001,Arise Ministry,160.0,99.0,ARISE Ministry,ARISE Ministry - ARISE Ministry,101 Wilson Ave,Toronto,M5M 2Z9,-79.41621,43.740854,Exact Name,,False
108071671RR0003,Arthritis Society Canada / Sociï¿½tï¿½ de l'arthrite du Canada,100.0,99.0,Arthritis Society (The) - Ontario Division,Arthritis Society (The) - Ontario Division - Arthritis Society (The) - Ontario Division,393 University Ave,Toronto,M5G 1E6,-79.3872,43.654,Postal Code + Fuzzy Name,,False
107842452RR0001,BIRCHMOUNT BLUFFS NEIGHBOURHOOD CENTRE,200.0,5.0,Birchmount Bluffs Neighbourhood Centre,Birchmount Bluffs Neighbourhood Centre - Birchmount Bluffs Neighbourhood Centre,Birchmount Community Centre -  93 Birchmount Rd,Toronto,M1N 3J7,-79.262118,43.695435,Exact Name,,True
106925738RR0001,BLOOR LANSDOWNE CHRISTIAN FELLOWSHIP,30.0,99.0,Bloor Lansdowne Christian Fellowship Church,Bloor Lansdowne Christian Fellowship Church - BLCF Cafe Community Dinner,1307 Bloor St W,Toronto,M6H 1P1,-79.44354,43.658022,Postal Code + Fuzzy Name,,False
887351393RR0001,BRAEBURN NIEGHBOURHOOD PLACE INCORPORATED,1.0,99.0,Braeburn Neighbourhood Place,Braeburn Neighbourhood Place - Braeburn Neighbourhood Place,75 Tandridge Cres,Toronto,M9W 2N9,-79.545998,43.728962,Manual,,True
891536344RR0001,BREAKAWAY COMMUNITY SERVICES,100.0,4.0,Breakaway Addiction Services,Breakaway Addiction Services - Breakaway Addiction Services,21 Strickland Ave,Toronto,M6K 3E6,-79.431111,43.643216,Manual,,False
874782014RR0001,BRIDGEPOINT HEALTH,160.0,99.0,Bridgepoint Active Healthcare,Bridgepoint Active Healthcare - Bridgepoint Hospital,1 Bridgepoint Dr,Toronto,M4M 2B5,-79.355365,43.666199,Postal Code + Fuzzy Name,,False
129452769RR0001,CABBAGETOWN COMMUNITY ARTS CENTRE INC.,160.0,99.0,Cabbagetown Community Arts Centre,Cabbagetown Community Arts Centre - Cabbagetown Community Arts Centre,422 Parliament St,Toronto,M5A 3A2,-79.367719,43.662892,Postal Code + Fuzzy Name,,False
133423962RR0001,CAMP QUALITY CANADA,200.0,5.0,Camp Quality Canada,Camp Quality Canada - Therapeutic Camp for Children with Cancer,,Toronto,,-79.23696111,43.791772,Exact Name,,False
106836174RR0001,CAMPUS COMMUNITY CO-OPERATIVE DAY CARE CENTRE INC.,1.0,99.0,Campus Community Co-Operative Day Care,Campus Community Co-Operative Day Care - Campus Community Co-Operative Day Care,370 HURON ST,Toronto,M5S 2G4,-79.400727,43.664589,Postal Code + Fuzzy Name,,False
138366984RR0001,EAST YORK MENTAL HEALTH COUNSELLING SERVICES AGENCY,100.0,99.0,Alternatives: East York Mental Health Counselling Services Agency,Alternatives: East York Mental Health Counselling Services Agency - Alternatives: East York Mental Health Counselling Services Agency,1245 Danforth Ave,Toronto,M4J 5B5,-79.330654,43.68158,General Fuzzy Match,,False
108145921RR0001,EDEN COMMUNITY HOMES,100.0,99.0,Eden Community Homes,Eden Community Homes - Eden Community Homes,196 Beverley St,Toronto,M5T 1Z1,-79.395088,43.656366,Exact Name,,False
107274839RR0001,EAST YORK LEARNING EXPERIENCE,160.0,99.0,East York Learning Experience,East York Learning Experience - East York Learning Experience,266 Donlands Ave,Toronto,M4J 5B1,-79.341891,43.689629,Exact Name,,False
132652173RR0001,ERITREAN CANADIAN COMMUNITY CENTRE OF METROPOLITAN TORONTO,200.0,5.0,Eritrean Canadian Community Centre of Toronto,Eritrean Canadian Community Centre of Toronto - Eritrean Canadian Community Centre of Toronto,St Mathew's United Church -  729 St Clair Ave W,Toronto,M6C 1B2,-79.427268,43.681061,Postal Code + Fuzzy Name,,False
124338443RR0001,INJURED WORKERS COMMUNITY LEGAL CLINIC,160.0,99.0,Injured Workers Community Legal Clinic,Injured Workers Community Legal Clinic - Injured Workers Community Legal Clinic,815 Danforth Ave,Toronto,M4J 1L2,-79.340774,43.67955,Exact Name,,False
118969922RR0001,INTERDENOMINATIONAL CHRISTIAN COUNSELLING INC.,70.0,99.0,Christian Counselling Services,Christian Counselling Services - Christian Counselling Services,2 Carlton St,Toronto,M5B 1J3,-79.382842,43.661678,Postal Code + Fuzzy Name,,False
118972140RR0001,ISLINGTON CENTRE - ETOBICOKE SENIOR CITIZENS,200.0,5.0,Islington Seniors' Centre,Islington Seniors' Centre - Islington Seniors' Centre,4968 Dundas St W,Toronto,M9A 1B7,-79.530007,43.647619,Postal Code + Fuzzy Name,,False
119275014RR0001,Ivan Franko Homes,1.0,99.0,Ivan Franko Home - Long Term Care Home,Ivan Franko Home - Long Term Care Home - Ivan Franko Home - Long Term Care Home,767 Royal York Rd,Toronto,M8Y 2T3,-79.50724,43.637375,Manual,,False
133388710RR0001,JAPANESE SOCIAL SERVICES,160.0,99.0,Japanese Social Services,Japanese Social Services - Japanese Social Services,6 Garamond Court,Toronto,M3C 1Z5,-79.335554,43.726209,Exact Name,,False
719151110RR0001,Khalil Health Services,100.0,2.0,Khalil Center,Khalil Center - Khalil Center,201 Consumers Rd,Toronto,M2J 4G8,-79.332209,43.772066,Manual,,False
860728179RR0001,L'ARCHE TORONTO HOMES INC.,1.0,9.0,L'Arche Toronto,L'Arche Toronto - L'Arche Toronto,186 Floyd Ave,Toronto,M4J 2J1,-79.3469,43.6879,Manual,,False
118987775RR0001,LABDARA FOUNDATION,1.0,99.0,Labdara Lithuanian Nursing Home,Labdara Lithuanian Nursing Home - Labdara Lithuanian Nursing Home,5 Resurrection Rd,Toronto,M9A 5G1,-79.530922,43.643726,Manual,,False
118987874RR0001,LABOUR COMMUNITY SERVICES OF METROPOLITAN TORONTO INC.,1.0,99.0,Labour Community Services,Labour Community Services - Labour Community Services,1280 Finch Ave W,Toronto,M3J 3K6,-79.488792,43.764457,Manual UW,,True
119009447RR0001,LATVIAN SENIOR CITIZENS ASSOCIATION IN METROPOLITAN TORONTO,1.0,99.0,Latvian Canadian Cultural Centre - Toronto Latvian Pensioners' Association,Latvian Canadian Cultural Centre - Toronto Latvian Pensioners' Association - Latvian Canadian Cultural Centre - Toronto Latvian Pensioners' Association,4 Credit Union Dr,Toronto,M4A 2N8,-79.319049,43.725433,Postal Code + Fuzzy Name,,False
124367145RR0001,LEARNING DISABILITIES ASSOCIATION OF ONTARIO,100.0,99.0,Learning Disabilities Association of Ontario,Learning Disabilities Association of Ontario - Learning Disabilities Association of Ontario,365 Evans Ave,Toronto,M8Z 1K2,-79.523,43.6156,Exact Name,,False
130681638RR0001,LES CENTRES D'ACCUEIL HERITAGE,1.0,99.0,Centres d'Accueil Héritage,Centres d'Accueil Héritage - Centres d'Accueil Héritage,33 Hahn Place,Toronto,M5A 4G2,-79.362528,43.649433,Postal Code + Fuzzy Name,,False
889859468RR0001,LIFELINE,1.0,99.0,Philips Lifeline,Philips Lifeline - Philips Lifeline,95 Barber Greene Rd,Toronto,M3C 3E9,-79.350164,43.729507,Manual,,False
,,,,South Asian Legal Clinic of Ontario,South Asian Legal Clinic of Ontario - South Asian Legal Clinic of Ontario,45 Sheppard Ave E,Toronto,M2N 5W9,-79.408053,43.761719,Manual UW,,True
810964569RR0001,Labatt Better Together,1.0,99.0,Labatt Better Together,Labatt Better Together - Labatt Better Together,207 Queens Quay W,Toronto,M5J 1A7,-79.380352,43.638887,Exact Name,,False
119258440RR0001,MAINSTAY HOUSING,160.0,99.0,Mainstay Housing,Mainstay Housing - Mainstay Housing,550 Queen St E,Toronto,M5A 1V2,-79.35716,43.657455,Exact Name,,False
860431667RR0001,MANAGEMENT ADVISORY SERVICE OF ONTARIO,160.0,99.0,Management Advisory Service of Ontario,Management Advisory Service of Ontario - Management Advisory Service of Ontario,200 Wolverleigh Blvd,Toronto,M4C 1S2,-79.32257,43.6857,Exact Name,,False
824151070RR0001,MANANTIAL NEIGHBOURHOOD SERVICES INC.,1.0,99.0,Manantial Neighbourhood Services,Manantial Neighbourhood Services - Manantial Neighbourhood Services,Emmanuel Church of the Nazarene -  1875 Sheppard Ave W,Toronto,M3L 1Y6,-79.503649,43.74045,Postal Code + Fuzzy Name,,False
103605218RR0001,MCNICOLL AVENUE CHILD CARE PROGRAM,1.0,99.0,McNicoll Avenue Child Care Program,McNicoll Avenue Child Care Program - McNicoll Avenue Child Care Program,McNicoll Avenue Public School -  155 MCNICOLL AVE,Toronto,M2H 2C1,-79.358014,43.798924,Exact Name,,False
130069123RR0001,METROPOLITAN ACTION COMMITTEE ON VIOLENCE AGAINST WOMEN AND CHILDREN,160.0,99.0,METRAC,METRAC - METRAC,158 Spadina Rd,Toronto,M5R 2T8,-79.406817,43.67372,Manual UW,,True
140344243RR0001,MILES NADAL JEWISH COMMUNITY CENTRE,160.0,99.0,Miles Nadal JCC,Miles Nadal JCC - Miles Nadal JCC,750 Spadina Ave,Toronto,M5S 2J2,-79.403909,43.66642,Manual,,True
107999310RR0001,Hydrocephalus Canada,100.0,99.0,Hydrocephalus Canada (formerly SB&H),Hydrocephalus Canada (formerly SB&H) - Hydrocephalus Canada (formerly SB&H),16 Four Seasons Pl,Toronto,M9B 6E5,-79.562583,43.647401,Postal Code + Fuzzy Name,,False
834396392RR0001,Hand Up From Hunger Toronto,150.0,2.0,Hand Up Toronto For Kids,Hand Up Toronto For Kids - COVID-19 Breakfast Care Package,,Toronto,,-79.383184,43.653226,Manual,,False
,,,,Toronto Aboriginal Support Services Council,Toronto Aboriginal Support Services Council - Toronto Aboriginal Support Services Council,16 Spadina Rd,Toronto,M5R 2S7,-79.404947,43.668191,Manual UW,,True
130314206RR0001,HOUSING FOR YOUTH IN THE CITY OF YORK CORPORATION,1.0,99.0,Horizons for Youth,Horizons for Youth - Horizons for Youth,422 Gilbert Ave,Toronto,M6E 4X3,-79.462388,43.689353,Manual UW,,True
874955321RR0001,GROUPE ARTISANAL FEMININ FRANCOPHONE DE L'ONTARIO INC,160.0,99.0,Groupe artisanal féminin francophone de l'Ontario,Groupe artisanal féminin francophone de l'Ontario - Groupe artisanal féminin francophone de l'Ontario,2190 Ellesmere Rd E,Toronto,M1G 3M5,-79.230004,43.777523,General Fuzzy Match,,False
118937846RR0001,Gerontological Nursing Association Ontario,100.0,99.0,Gerontological Nursing Association Ontario,Gerontological Nursing Association Ontario - Gerontological Nursing Association Ontario,,Toronto,,-79.383184,43.653226,Exact Name,,False
825692668RR0001,Good Foot Support Services,160.0,7.0,Good Foot Delivery,Good Foot Delivery - Good Foot Delivery,,Toronto,,-79.383184,43.653226,Manual,,False
832121149RR0001,FRANKLIN HORNER COMMUNITY CENTRE OF ETOBICOKE,200.0,7.0,Franklin Horner Community Centre,Franklin Horner Community Centre - Franklin Horner Community Centre,432 Horner Ave,Toronto,M8W 2B2,-79.538083,43.603735,Postal Code + Fuzzy Name,,False
130401573RR0001,FIFE HOUSE FOUNDATION INC.,110.0,99.0,Fife House,Fife House - Fife House,490 Sherbourne St,Toronto,M4X 1K9,-79.375083,43.66765,Manual UW,,True
118952357RR0001,HANEN EARLY LANGUAGE PROGRAM,100.0,99.0,Hanen Centre,Hanen Centre - Hanen Centre,1075 Bay St,Toronto,M5S 2B1,-79.388,43.6672,Manual,,False
102278876RR0001,HARMONY COMMUNITY SCHOOL CENTRE,1.0,99.0,Harmony Childcare Centre,Harmony Childcare Centre - Harmony Childcare Centre,St. Clair Catholic School -  124 NORTHCLIFFE BLVD,Toronto,M6E 3K4,-79.441512,43.679201,Manual,,False
132517301RR0001,GAN YELADIM DAY CARE CENTRE,200.0,5.0,Gan Yeladim Day Care Centre,Gan Yeladim Day Care Centre - Gan Yeladim Day Care Centre,Beth Emeth Bais Yehuda Synagogue -  100 ELDER ST,Toronto,M3H 5G7,-79.453785,43.760685,Exact Name,,False
137408316RR0001,HARMONY PLACE SUPPORT SERVICES,100.0,99.0,Harmony Place Support Services,Harmony Place Support Services - Harmony Place Support Services,132 Railside Rd,Toronto,M3A 1A3,-79.32688,43.736934,Exact Name,,False
892834649RR0001,HAZEL BURNS HOSPICE,100.0,99.0,Hazel Burns Hospice,Hazel Burns Hospice - Hazel Burns Hospice,2562 Eglinton Ave W,Toronto,M6M 1T4,-79.47244,43.690895,Exact Name,,False
130490857RR0001,HEALTH NEXUS,100.0,99.0,Health Nexus,Health Nexus - Health Nexus,180 Dundas St W,Toronto,M5G 1Z8,-79.386376,43.65541,Exact Name,,False
106846942RR0001,HEART AND STROKE FOUNDATION OF CANADA / FONDATION DES MALADIES DU COEUR ET DE L'AVC DU CANADA,100.0,99.0,Heart and Stroke,Heart and Stroke - Heart and Stroke,,Toronto,,-79.3986,43.70722,Manual,,False
118955954RR0001,HEMOPHILIA ONTARIO,100.0,99.0,Hemophilia Ontario,Hemophilia Ontario - Hemophilia Ontario,10 Milner Business Crt,Toronto,M1B 3C6,-79.2357,43.7887,Exact Name,,False
141110155RR0001,HIV Legal Network Rï¿½seau juridique VIH,1.0,99.0,Canadian HIV / AIDS Legal Network,Canadian HIV / AIDS Legal Network - Canadian HIV / AIDS Legal Network,1240 Bay St,Toronto,M5R 2A7,-79.390157,43.670328,Manual,,False
140944661RR0001,FAMILY SUPPORTS INSTITUTE ONTARIO,160.0,99.0,Family Supports Institute Ontario,Family Supports Institute Ontario - Family Supports Institute Ontario,489 College St,Toronto,M6G 1A5,-79.409106,43.655932,Exact Name,,False
129031118RR0001,Easter Seals Canada Timbres de Pï¿½ques Canada,100.0,99.0,Easter Seals Canada,Easter Seals Canada - Easter Seals Canada,40 Holly St,Toronto,M4S 3C3,-79.396619,43.705279,Postal Code + Fuzzy Name,,False
890765613RR0001,ESPERANCE CHARITABLE FUND,160.0,99.0,Project Esperance,Project Esperance - Project Esperance,,Toronto,,-79.383184,43.653226,Manual,,False
118954221RR0001,HASSLE FREE CLINIC,100.0,99.0,Hassle Free Clinic,Hassle Free Clinic - Hassle Free Clinic,66 Gerrard St E,Toronto,M5B 1G3,-79.3788,43.66,Exact Name,,False
770935724RR0001,Families For Addiction Recovery,100.0,1.0,Families for Addiction Recovery,Families for Addiction Recovery - Families for Addiction Recovery,100 Consilium Place,Toronto,M1H 3E3,-79.251224,43.7772,Exact Name,,False
119068492RR0001,THALASSEMIA FOUNDATION OF CANADA,100.0,99.0,Thalassemia Foundation of Canada,Thalassemia Foundation of Canada - Thalassemia Foundation,3300 Highway No 7,Vaughan,L4K 4M3,-79.532043,43.79324,Exact Name,,False
898931126RR0001,Clarico Place of York Region Inc.,160.0,99.0,Clarico Place of York Region,Clarico Place of York Region - Clarico Place of York Region,10 Planchet Rd,Vaughan,L4K 2C8,-79.500135,43.819865,Postal Code + Fuzzy Name,,False
872541040RR0001,Humanity First,1.0,99.0,Humanity First Canada,Humanity First Canada - Humanity First Canada,600 Bowes Rd,Vaughan,L4K 4A3,-79.498773,43.814676,Manual,,False
857332704RR0001,Human Endeavour Incorporation,,,Human Endeavour,Human Endeavour - Human Endeavour,439 Glenkindie Ave,Vaughan,L6A 2A2,-79.529673,43.857635,Manual UW,,True
812231678RR0001,Schwartz / Reisman Centre,200.0,7.0,Schwartz Reisman Centre,Schwartz Reisman Centre - Schwartz Reisman Centre,Lebovic Campus -  9600 Bathurst St,Vaughan,L6A 3Z8,-79.462126,43.853317,Exact Name,,False
816534291RR0001,"Healthy Start, Healthy Future Inc.",1.0,99.0,Healthy Start Healthy Future,Healthy Start Healthy Future - Healthy Start Healthy Future,1136 Centre St,Vaughan,L4J 3M8,-79.462566,43.809099,Postal Code + Fuzzy Name,,False
135050755RR0001,TRAILS YOUTH INITIATIVES INC.,200.0,5.0,Trails Youth Initiatives,Trails Youth Initiatives - Trails Youth Initiatives,15599 Warden Ave,Whitchurch-Stouffville,L4A 2M9,-79.371882,44.030706,Postal Code + Fuzzy Name,,False
824333132RR0001,City Street Outreach,70.0,99.0,City Street Outreach,City Street Outreach - City Street Outreach,481 Rupert Ave,Whitchurch-Stouffville,L4A 1V2,-79.263706,43.970267,Exact Name,,False
132774464RR0001,WILLOWGROVE,160.0,99.0,Willowgrove Day Camp and Outdoor Education Centre,Willowgrove Day Camp and Outdoor Education Centre - Willowgrove Day Camp and Outdoor Education Centre,11737 McCowan Rd,Whitchurch-Stouffville,L4A 4C3,-79.295961,43.946357,Manual,,False
